ก็	93
กก	0
กง	0
กฎ	1
กฏ	0
กด	1
กบ	0
กร	1
กล	0
กอ	0
กะ	1
กา	2
กำ	0
กิ	1
กี	0
กุ	0
กู	1
เก	0
แก	4
โก	1
ขน	1
ขอ	10
ขะ	0
ขา	2
ขำ	0
ไข	0
คง	11
คน	69
คบ	0
คม	1
คอ	1
คะ	5
คา	1
คำ	11
คิ	0
คี	0
คุ	0
คู	0
เค	1
แค	0
โค	1
งง	0
งด	0
งบ	0
งอ	0
งา	0
งู	0
ไง	3
จง	1
จด	0
จน	13
จบ	3
จม	0
จอ	0
จะ	156
จา	1
จำ	3
จิ	1
จี	1
จุ	0
จู	0
เจ	1
แจ	0
โจ	0
ใจ	9
ชก	0
ชง	0
ชน	2
ชม	2
ชล	0
ชะ	0
ชา	2
ชิ	1
ชี	0
ชู	1
เช	0
แช	0
โช	0
ซอ	0
ซะ	1
ซา	1
ซิ	1
ซี	2
ซุ	0
ซู	0
เซ	1
โซ	1
ไซ	0
ญา	0
ณา	0
ณี	0
ณุ	0
ดง	0
ดม	0
ดา	1
ดำ	3
ดิ	1
ดี	26
ดุ	0
ดู	16
เด	0
โด	1
ใด	11
ได	0
ตก	3
ตน	7
ตบ	0
ตอ	0
ตะ	1
ตา	7
ตำ	0
ติ	1
ตี	1
ตุ	0
เต	0
โต	3
ไต	0
ถู	0
ทน	1
ทบ	0
ทร	0
ทศ	0
ทอ	0
ทะ	0
ทา	1
ทำ	29
ทิ	0
ที	4
ทุ	0
ทู	0
เท	1
โท	1
ไท	1
ธง	0
ธน	0
ธร	0
ธา	0
ธิ	1
ธี	0
นก	2
นพ	0
นม	1
นะ	14
นา	4
นำ	14
นิ	1
นี	1
นุ	0
เน	1
โน	1
ใน	167
ไน	0
บ่	0
บก	0
บด	0
บท	3
บน	9
บอ	0
บะ	0
บา	1
บิ	0
บี	1
บุ	0
บู	0
เบ	0
แบ	0
โบ	0
ใบ	4
ไบ	0
ปก	0
ปน	0
ปม	0
ปอ	0
ปะ	0
ปา	1
ปิ	0
ปี	22
ปู	1
เป	0
โป	0
ไป	110
ผง	0
ผม	28
ผล	10
ผา	0
ผี	1
ฝน	2
ฝา	0
พก	0
พบ	9
พร	1
พล	1
พอ	9
พะ	0
พา	4
พิ	0
พี	1
เพ	0
แพ	0
โพ	0
ไพ	0
ฟา	0
ฟิ	0
ฟี	0
ฟู	0
เฟ	0
ไฟ	2
ภพ	0
ภา	0
ภิ	0
ภู	0
มด	0
มน	0
มอ	0
มะ	0
มา	98
มิ	3
มี	158
มู	0
เม	1
แม	0
โม	1
ไม	0
ยก	3
ยง	0
ยศ	0
ยอ	0
ยะ	1
ยา	6
ยี	0
ยุ	0
ยู	1
โย	1
ใย	0
รก	0
รณ	0
รด	0
รถ	6
รบ	0
รม	0
รส	1
รอ	3
ระ	1
รา	2
รำ	0
ริ	1
รี	1
รึ	1
รุ	0
รู	0
เร	1
โร	1
ไร	0
ฤา	0
ลง	19
ลด	5
ลบ	1
ลม	1
ลอ	0
ละ	6
ลา	2
ลำ	1
ลิ	1
ลี	1
ลู	0
เล	1
แล	1
โล	1
ไล	0
วง	2
วน	0
วร	0
วะ	1
วา	1
วิ	1
วี	1
เว	0
ไว	0
ศพ	2
ศร	0
ษา	0
สง	0
สด	1
สน	0
สบ	1
สม	2
สร	0
สห	0
สอ	0
สะ	0
สา	2
สิ	3
สี	9
สึ	0
สุ	2
สู	0
เส	0
โส	0
ใส	1
หก	1
หด	0
หน	0
หอ	0
หา	11
หึ	0
หู	1
เห	1
โห	0
อก	1
อง	0
อด	1
อบ	0
อม	0
อร	0
ออ	0
อะ	2
อา	3
อำ	0
อิ	1
อี	2
อุ	0
อู	0
เอ	2
แอ	0
โอ	3
ไอ	1
ฮะ	0
ฮา	0
ฮิ	0
เฮ	0
โฮ	0
ไฮ	0
ก๊ก	0
ก้น	0
กบฏ	0
ก้ม	1
กรง	0
กรด	0
กรม	2
กระ	1
กลบ	0
กลม	0
กวน	0
กวี	1
ก่อ	1
กอง	2
กอด	1
กอน	0
กอส	0
กัก	0
กัง	0
กัด	1
กัน	54
กับ	61
ก้า	0
กาง	0
กาม	0
กาย	2
การ	184
กาล	0
กิจ	1
กิน	8
กี่	2
กี้	0
กุม	0
กุล	1
กู้	1
เก๋	0
เกต	0
เกม	1
เกร	0
เกษ	0
เกะ	0
เกา	0
แก่	9
แก้	3
แกง	0
แกน	0
แกม	0
แกะ	0
โก้	0
โกง	0
โกะ	0
ไก่	1
ไกร	0
ไกล	2
ขณะ	1
ขนม	1
ข่ม	0
ขยะ	1
ขวด	0
ขวบ	0
ขวา	1
ข้อ	7
ของ	158
ขอน	0
ขอบ	1
ขัง	0
ขัด	1
ขัน	0
ขับ	1
ข้า	1
ขาด	3
ขาน	0
ขาย	5
ขาว	3
ขี่	0
ขี้	1
ขีด	0
ขืน	0
ขุด	0
ขุน	0
ขู่	0
เขต	3
เขา	44
แขก	1
แขน	1
โขง	0
โขน	0
ไข่	1
ไข้	0
คณะ	4
คดี	2
คติ	0
ค้น	0
ครก	0
ครบ	2
ครา	0
คริ	0
ครู	4
คลอ	0
ควง	0
ควบ	0
ควร	9
คอน	0
คอม	0
คอย	2
คอล	0
ค่ะ	5
คัด	0
คัน	1
คับ	0
คัพ	0
ค่า	7
ค้า	2
คาง	0
คาด	1
คาน	0
คาบ	0
ค่ำ	1
คิง	0
คิด	12
คิม	0
คิว	0
คืน	4
คือ	24
คุก	0
คุณ	21
คุม	1
คุย	3
คู่	4
คูณ	0
เคท	0
เคน	0
เคย	12
แค่	5
แคน	0
แคบ	0
โคน	0
โคม	0
ใคร	11
ฆ่า	2
งวด	0
งอน	0
งาน	14
งาม	2
งี้	0
เงย	0
เงา	0
แง่	1
โง่	0
จตุ	0
จรด	0
จอง	0
จอด	1
จอม	0
จอย	0
จ้ะ	0
จ๊ะ	0
จัก	0
จัง	1
จัด	8
จัน	0
จับ	4
จ่า	0
จ้า	0
จ๋า	0
จาก	54
จาง	0
จาน	1
จิก	0
จิต	3
จิน	0
จิบ	0
จิร	0
จี้	0
จีน	6
จีบ	0
จึง	23
จุก	0
จุด	4
จุน	0
จู่	0
จูง	0
จูบ	0
เจ๊	0
เจน	0
เจอ	3
แจก	0
โจร	0
ฉวย	0
ฉัน	25
ฉาก	1
ฉาย	1
ฉีก	0
ฉีด	0
ฉุด	0
เฉย	1
โฉม	0
ชนะ	1
ชรา	0
ชวน	2
ช่อ	0
ชอบ	6
ชัก	1
ชัด	1
ชัน	0
ชัย	2
ช้า	2
ชาญ	0
ชาน	0
ชาม	0
ชาย	4
ชาว	5
ช้ำ	0
ชิง	1
ชิด	0
ชิน	1
ชิม	0
ชี้	2
ชีพ	0
ชุด	3
ชุน	0
แช่	0
โชค	0
ใช่	10
ใช้	34
ไชย	0
ซวย	0
ซอก	0
ซอง	0
ซอย	1
ซัก	1
ซัด	0
ซัน	0
ซับ	0
ซัส	0
ซ่า	0
ซาก	0
ซาน	0
ซ้ำ	2
ซิน	0
ซี่	0
ซีก	0
ซีด	0
ซึม	0
ซุป	0
เซน	0
เซล	0
แซม	0
โซ่	0
โซน	0
ญาณ	0
ฐาน	1
ณัฐ	0
ดวง	2
ดอก	1
ดอง	0
ดอน	0
ดอย	0
ดัก	0
ดัง	7
ดัด	0
ดัน	1
ดับ	1
ด่า	0
ด้า	0
ดาบ	0
ดาว	2
ดิน	2
ดิบ	0
ดิส	0
ดี้	0
ดีด	0
ดึก	0
ดึง	1
ดุจ	0
ดูด	0
เดช	0
เดน	0
เดอ	0
เดา	0
แดง	3
แดด	0
แดน	0
โดด	0
โดน	2
โดย	34
ได้	124
ต้น	3
ต้ม	0
ตรง	6
ตรา	1
ตรี	0
ตลก	0
ต่อ	21
ตอง	0
ตอน	6
ตอบ	4
ตัก	0
ตัด	2
ตัน	1
ตับ	0
ตัว	22
ต้า	0
ตาก	0
ตาม	36
ตาย	6
ต่ำ	3
ติก	0
ติด	5
ติว	0
ตี้	0
ตีน	0
ตึก	1
ตึง	0
ตุง	0
ตู้	1
เต้	0
เตะ	0
เตา	0
แต่	53
แตก	1
แตง	0
แตะ	0
โต้	0
ใต้	3
ไต่	0
ไตร	0
ถนน	3
ถอด	0
ถอน	1
ถอย	0
ถัก	0
ถัง	1
ถัด	1
ถ้า	20
ถาด	0
ถาม	7
ถ้ำ	0
ถีบ	0
ถึง	27
ถือ	4
ถุง	1
ถูก	17
แถบ	1
แถม	1
แถว	1
โถง	0
ทรง	7
ทรา	0
ทวน	0
ทวิ	0
ทวี	0
ท่อ	1
ทอง	3
ทอด	1
ทอน	0
ทัก	0
ทัน	1
ทับ	0
ทัพ	0
ท่า	1
ทาง	32
ทาน	1
ทาย	0
ทาส	0
ทิพ	0
ทิศ	1
ที่	255
ทีม	2
ทึบ	0
ทุก	17
ทุน	2
ทุบ	0
ทูต	0
ทูล	0
เท่	0
เทค	0
เทป	0
เทพ	1
เทศ	0
เทา	0
แท้	1
แทง	0
แทน	4
แทบ	2
โทน	0
โทร	1
โทษ	2
ไทย	22
ธนู	0
ธีร	0
ธูป	0
เธอ	21
โธ่	0
นคร	2
นรก	0
นวด	0
นวล	0
นอก	3
นอน	4
น่ะ	3
นัก	8
นัง	0
นัด	1
นัท	0
นัน	0
นับ	3
นัย	1
น่า	9
น้า	1
นาก	0
นาค	0
นาง	4
นาถ	0
นาน	6
นาม	1
นาย	14
น้ำ	11
นิก	0
นิจ	0
นิช	0
นิด	1
นิร	0
นิล	0
นิว	0
นี่	12
นี้	54
นีซ	0
นึก	3
นึง	0
นุช	0
เนย	0
แน่	2
แนบ	0
แนว	4
แนะ	0
โนะ	0
บดี	0
บ่น	1
บรม	0
บวก	1
บวช	0
บวม	0
บวร	0
บ่อ	0
บอก	13
บอย	0
บอล	0
บัง	0
บัน	0
บัว	0
บ่า	0
บ้า	2
บาง	13
บาท	6
บาน	0
บาป	0
บาย	0
บาล	0
บิด	0
บิต	0
บิน	1
บี้	0
บีบ	0
บีม	0
บึง	0
บุก	0
บุช	0
บุญ	1
เบน	0
เบส	0
เบา	2
แบก	0
แบน	0
แบบ	17
โบก	0
ปฎิ	0
ปฐม	0
ประ	1
ปรา	0
ปริ	0
ปลด	0
ปลา	3
ปวด	1
ปอด	0
ปัก	1
ปัง	0
ปัด	0
ปัท	0
ปัน	0
ป่า	2
ป้า	2
ป๋า	0
ปาก	3
ปาง	0
ปาน	0
ปิด	3
ปี้	0
ปีก	0
ปีน	0
ปืน	1
ปู่	1
ปูน	0
เป้	0
เปน	0
แปด	1
แปร	0
แปล	1
แปะ	0
โปร	0
ผลิ	0
ผสม	1
ผอม	0
ผัก	1
ผัด	0
ผัน	0
ผับ	0
ผัว	0
ผ่า	0
ผ้า	2
ผิด	6
ผิว	2
ผืน	0
ผุด	0
ผู้	38
ผูก	1
เผย	0
เผา	1
แผ่	0
แผง	0
แผน	2
แผล	1
ไผ่	0
ฝัก	0
ฝัง	0
ฝัน	2
ฝ่า	0
ฝ้า	0
ฝาก	1
ฝึก	1
ฝืน	0
ฝูง	0
แฝง	0
พญา	0
พ่น	0
พ้น	2
พนม	0
พรม	0
พระ	12
พวก	7
พวง	0
พ่อ	7
พอง	0
พอล	0
พัก	3
พัง	0
พัด	0
พัท	0
พัน	2
พับ	0
พาด	0
พาน	0
พาย	0
พิง	0
พิม	0
พิษ	1
พี่	9
พึง	1
พืช	1
พุธ	0
พูด	12
เพศ	2
แพ้	1
แพง	1
แพน	0
แพร	0
ฟรี	0
ฟอง	0
ฟัง	6
ฟัน	1
ฟ้า	2
ฟาก	0
ฟาด	0
ฟุต	0
แฟน	2
ภวา	0
ภัย	1
ภาค	4
ภาพ	7
ภู่	0
มณี	0
มติ	1
มโน	0
มวย	0
มวล	0
มหา	2
มอง	11
มอญ	0
มอบ	1
มัก	5
มัง	0
มัด	0
มัน	20
มัว	0
มัส	0
ม่า	0
ม้า	1
มาก	35
มาด	0
มาน	0
มาร	0
มาส	0
มิก	0
มิด	0
มิน	0
มี่	0
มีด	0
มึง	0
มืด	1
มือ	6
มุก	1
มุข	0
มุม	2
มูล	0
เมฆ	0
เมน	0
เมา	0
แม่	9
แม้	4
แมน	0
แมว	0
โมง	1
ไม่	141
ไม้	3
ย่น	0
ย่อ	0
ยอด	2
ยอน	0
ยอม	3
ย่ะ	0
ยัก	0
ยัง	32
ยัด	0
ยัน	0
ยัย	1
ย่า	1
ยาก	3
ยาง	0
ยาน	0
ยาม	2
ยาย	2
ยาว	4
ย้ำ	1
ยิง	1
ยิน	0
ยิว	0
ยีน	0
ยึด	1
ยืด	0
ยืน	3
ยืม	0
ยุค	3
ยุง	0
ยุบ	0
แย่	1
แยก	3
โยง	0
โยน	0
ร่ม	0
รวบ	0
รวม	7
รวย	0
รอง	2
รอด	1
รอน	0
รอบ	4
รอย	1
รัก	7
รัง	0
รัช	0
รัฐ	6
รัณ	0
รัด	0
รัน	0
รับ	12
ร่า	0
ราก	0
ราง	0
ราช	2
ราด	0
ราบ	0
ราม	1
ราย	3
ราว	1
ร่ำ	0
ริก	0
ริน	1
ริม	1
ริย	0
รี่	1
รีด	0
รีบ	3
รุก	0
รุม	0
รู้	15
รูป	6
เรน	0
เรส	0
เรา	32
แร่	0
แรก	8
แรง	4
แรม	0
โร่	0
โรค	4
โรง	1
โรม	0
โรย	0
ไร่	1
ไร้	2
ฤดู	1
ฯลฯ	2
ล้น	0
ล้ม	1
ลวง	0
ล่อ	0
ล้อ	0
ลอก	0
ลอง	2
ลอด	0
ลอบ	0
ลอย	1
ล่ะ	5
ลัก	0
ลัด	0
ลัน	0
ลับ	1
ลัย	0
ล่า	1
ลาก	1
ลาง	0
ลาด	0
ลาน	1
ลาภ	0
ลาย	1
ลาว	1
ล้ำ	0
ลิง	0
ลิน	0
ลี่	0
ลี้	0
ลีก	0
ลึก	2
ลืม	2
ลือ	0
ลุก	2
ลุง	1
ลุย	0
ลู่	0
ลูก	10
ลูบ	0
เลข	0
เลค	0
เลน	0
เลย	20
เลว	0
เลอ	0
แลก	0
และ	146
โลก	10
โลภ	0
ไล่	1
วดี	0
วรา	0
วอน	0
ว่ะ	0
วัง	1
วัด	4
วัน	17
วับ	0
วัย	3
วัว	0
ว่า	112
วาง	3
วาด	1
วาท	0
วาน	0
วาบ	0
วาย	0
วิน	0
วิล	0
วิว	0
วี่	0
วูบ	0
เวช	0
เวน	0
เวร	0
แวบ	0
แวว	0
แวะ	0
ไว้	22
ศรี	2
ศศิ	0
ศาล	3
ศีล	0
ศึก	1
ศุภ	0
เศษ	1
โศก	0
ส่ง	8
สงบ	2
สติ	1
สเต	0
สปา	0
สภา	4
ส้ม	0
สมา	0
สรร	0
สระ	1
สรา	0
สละ	0
สวด	0
สวน	2
สวม	1
สวย	3
สอง	14
สอด	0
สอน	3
สอบ	1
สัก	4
สัง	0
สัญ	0
สัน	1
สับ	0
สัม	0
สาด	0
สาน	0
สาป	0
สาม	5
สาย	3
สาร	3
สาว	7
สิง	0
สิน	0
สิบ	3
สิว	0
สี่	3
สืบ	1
สุก	0
สุข	4
สุด	2
สุร	0
สู่	5
สู้	1
สูง	9
สูญ	0
สูด	0
สูบ	1
เสน	0
เสพ	0
เสา	0
แสง	1
แสน	2
แสบ	0
โสด	0
ใส่	5
ไส้	0
หนอ	0
หนา	1
หนี	2
หนู	3
ห่ม	0
หมด	5
หมอ	4
หมา	1
หมี	0
หมู	1
หยด	0
หรู	0
หลง	1
หลบ	1
หลี	0
หวง	0
หวน	0
หวย	0
ห่อ	0
หอบ	0
หอม	1
หอย	0
หัก	1
หัด	0
หัน	3
หัว	4
ห้า	2
หาก	9
หาง	0
หาด	0
หาย	3
หาร	0
หิน	1
หิว	0
หึง	0
หือ	0
หุง	0
แห่	0
แหง	0
แหม	0
โหด	0
โหย	0
โหล	0
ให้	112
ไหน	7
ไหม	4
ไหล	2
ไหว	1
อ้น	0
อนุ	0
อภิ	0
อวด	0
อ้อ	0
อ๋อ	0
ออก	26
ออม	0
อัง	0
อัด	0
อัต	0
อัน	9
อัล	0
อ้า	0
อาจ	18
อาบ	0
อาย	0
อิง	0
อิฐ	0
อิน	1
อิม	0
อีก	28
อึน	0
อืม	0
อือ	0
อุด	0
อุป	0
อู่	0
เอก	1
เอง	10
เอช	0
เอน	0
เอฟ	0
เอย	0
เอล	0
เอว	0
เอส	1
เออ	0
เอา	15
แอง	0
แอน	0
แอบ	1
แอม	0
แอล	0
โอ้	0
โอน	1
โอบ	0
ไอ้	3
ฮวง	0
ฮัน	0
ฮ่า	0
ฮิต	0
ฮือ	0
เฮา	0
แฮะ	0
ก็ดี	1
กรณี	8
กรรณ	0
กรรม	2
กรอก	0
กรอง	0
กรอบ	1
กรัม	0
กราบ	0
กราฟ	0
กริช	0
กรีก	0
กรีด	0
กรุง	1
กลไก	1
กลอง	0
กลอน	0
กลับ	13
กลัว	3
กล้า	2
กลาง	4
กลาย	0
กลีบ	0
กลืน	0
กว่า	22
กวาง	0
กวาด	0
ก้อง	0
ก็อด	0
ก่อน	16
ก้อน	1
กั้น	0
ก๊าซ	1
ก้าน	0
กาแฟ	0
ก้าว	1
กำไร	1
กิ่ง	0
กิโล	0
กีฬา	1
กึ่ง	0
กุ้ง	1
กุศล	0
เก่ง	1
เก็บ	5
เกย์	0
เกรง	0
เกรด	0
เกษม	0
เก่า	2
เก้า	0
เกาะ	2
เกิด	25
เกิน	4
แก๊ง	0
แก่น	0
แก้ม	0
แกรม	0
แก้ว	2
แก๊ส	0
โกรธ	1
โกหก	0
ใกล้	3
ขจัด	0
ขนาด	6
ขนาน	0
ขบวน	0
ขมวด	0
ขโมย	0
ขยัน	0
ขยับ	1
ขยาย	2
ขวัญ	0
ขวาง	0
ขั้น	2
ขั้ว	0
ข้าง	4
ข้าม	1
ข่าย	1
ข่าว	3
ข้าว	3
ขึ้น	45
ขุ่น	0
เข็น	0
เข็ม	0
เข้ม	1
เขมร	0
เข่า	0
เข้า	27
เขิน	0
แข็ง	1
แข่ง	1
แขนง	0
แขวน	0
คนจน	0
คนใน	2
ครอง	0
ครอบ	0
ครับ	7
ครัว	1
คราบ	0
คราว	2
คริส	0
ครีม	0
ครู่	0
คลอง	1
คลอด	0
คลัง	0
คลาน	0
คลาย	0
คล้ำ	0
คลุม	0
ควัน	0
คว้า	1
ความ	72
ควาย	0
คว่ำ	0
ค่อน	0
ค้อน	0
ค่อย	2
คอร์	0
ค้าง	1
คาถา	0
ค่าย	0
คาร์	0
คำขอ	0
คิ้ว	0
คีรี	0
คุ้น	0
คุ้ม	0
คุรุ	1
เค้ก	0
เค็ม	0
เคมี	0
เค้า	1
เคาะ	0
แค้น	0
แคร์	0
โค้ง	0
โคจร	0
โค่น	0
โครง	1
โคลง	0
โคลน	0
ใคร่	0
โฆษก	0
ง่วง	0
งั้น	2
ง่าย	4
เงิน	10
จงใจ	0
จดจำ	0
จมูก	1
จริง	10
จ้อง	0
จักร	0
จ้าง	1
จ่าย	2
จำนำ	0
จิตร	0
จิ๊บ	0
จิ้ม	0
จิ๋ว	0
จุฬา	0
เจ็ด	1
เจ็บ	1
เจ้า	5
เจาะ	0
แจ๊ค	0
แจ้ง	2
ใจดี	0
ฉบับ	3
ฉลอง	0
ฉลาก	0
ฉลาด	1
ฉัตร	0
ชนบท	1
ชนิด	4
ชมพู	0
ชมรม	0
ช่วง	8
ช่วย	10
ช่อง	1
ช้อน	0
ช้อป	0
ชะตา	0
ชะลอ	0
ชั่ง	0
ชั่น	0
ชั้น	5
ชั่ว	1
ช่าง	2
ช้าง	1
ชาดก	0
ชาติ	6
ชานุ	0
ชายา	0
ชำระ	1
ชิ้น	2
ชีวะ	0
ชื่น	0
ชื้น	0
ชื่อ	6
ชุ่ม	0
เช็ค	0
เช็ด	0
เช่น	16
เช่า	1
เช้า	2
เชิง	3
เชิญ	1
เชิด	0
โชติ	0
โชว์	1
ซ่อน	0
ซ้อน	0
ซ่อม	0
ซ้อม	0
ซ้าย	1
ซิ่น	0
ซึ่ง	37
ซึ้ง	0
ซื่อ	0
ซื้อ	5
ซุ้ม	0
เซ็ง	0
เซ็น	0
เซีย	0
โซฟา	0
ไซต์	0
ญาติ	1
ฎีกา	0
ฐานะ	3
เฒ่า	0
ด้วง	0
ด่วน	0
ด้วย	45
ด้อย	0
ดั่ง	0
ด่าน	0
ด้าน	13
ดาร์	0
ดารา	0
ดำรง	2
ดิ่ง	0
ดิ้น	0
ดีใจ	1
ดื่ม	1
ดื้อ	0
ดูแล	3
เด็ก	12
เด็ด	0
เด่น	1
เดย์	0
เดอะ	0
เดิน	9
เดิม	4
ตกใจ	1
ตกลง	2
ตรวจ	3
ตรัส	0
ตรึง	0
ตลอด	5
ตลาด	4
ต้อง	47
ต่อม	0
ต่อย	0
ตั้ง	6
ตั๋ว	0
ต่าง	18
ต้าน	0
ตำบล	1
ตำรา	1
ตื่น	1
ตื้น	0
ตุ่ม	0
เต้น	1
เต็ม	3
เต่า	0
เต๋า	0
เติม	1
แต่ง	2
แต้ม	0
โต๊ะ	2
ถนอม	0
ถนัด	0
ถล่ม	0
ถ้วน	0
ถ้วย	0
ถวาย	1
ถั่ว	0
ถ่าย	1
ถาวร	0
ถิ่น	1
เถอะ	1
เถิด	0
แถลง	0
ทบวง	0
ทยอย	0
ทราบ	4
ทราย	1
ทรุด	0
ท่วม	0
ทว่า	0
ทวีป	0
ทหาร	3
ท่อง	0
ท้อง	1
ท่อน	0
ทะลุ	0
ทะเล	2
ทั้ง	21
ทั่ว	3
ท่าน	10
ท้าย	1
ทารก	0
ท้าว	0
ทำตา	0
ทำนา	0
ทำไม	5
ทิ้ง	2
ทีละ	0
ทีวี	0
ทึ่ง	0
ทุ่ง	0
ทุ่ม	0
เท็จ	0
เทอม	0
เท่า	3
เท้า	1
แท่ง	0
แท่น	0
แทรก	0
ธรรม	2
ธาตุ	0
ธานี	0
ธารณ	0
ธิดา	0
ธุระ	0
นนท์	0
นลิน	0
น้อง	4
น้อย	9
นั่ง	6
นั่น	4
นั้น	42
นาที	1
น่าน	0
นานา	0
นายก	1
นารี	0
นิคม	0
นิ่ง	2
นิติ	0
นิยม	3
นิ้ว	1
นีย์	0
นุ่ง	0
นุ่ม	0
เน็ต	0
เนตร	0
เน้น	3
เน่า	0
เนิน	0
แน่น	1
แน่ะ	0
โน้ต	2
โน่น	0
โน้น	0
โน้ม	0
บรรพ	0
บ่อน	0
บ่อย	2
บัตร	1
บ้าง	7
บาตร	0
บ้าน	12
บ่าย	1
บาร์	0
บาลี	0
บิ๊ก	0
บิดา	1
บุตร	1
บุรี	1
บูชา	0
เบ็ด	0
เบาะ	0
เบิก	0
แบ่ง	3
ปกติ	3
ปทุม	0
ปรับ	3
ปราบ	0
ปรุง	0
ปล้น	0
ปลอด	0
ปลอบ	0
ปลอม	0
ปลัด	1
ปลาย	2
ปลิว	0
ปลุก	0
ปลูก	1
ป่วย	1
ป้อน	0
ป้อม	0
ปะทะ	0
ปะปน	0
ปั่น	0
ปั้น	1
ป้าย	1
ปิ้ง	0
ปิ่น	0
ปุ่ม	0
ปุ๋ย	0
เป็ด	0
เป็น	168
เป้น	0
เปรม	0
เป่า	0
เป้า	0
เปิด	7
แป้ง	0
แปลก	2
แปลง	1
โปรด	1
ผนวก	0
ผนัง	0
ผลัก	0
ผลัด	0
ผลิต	5
ผ่อง	0
ผ่อน	0
ผ่าน	7
เผ็ด	0
เผลอ	0
เผ่า	0
แผ่น	1
แผนก	0
แผ่ว	0
โผล่	0
ฝั่ง	1
ฝ่าย	8
ฝ้าย	0
ฝุ่น	0
เฝ้า	1
พงศ์	0
พงษ์	0
พจน์	0
พนัน	0
พบปะ	0
พม่า	1
พยัก	1
พยาน	1
พยุง	0
พรรค	4
พรรณ	0
พรหม	0
พราน	0
พริก	0
พลอย	1
พลัง	2
พลัน	0
พลาง	1
พลาด	0
พลิก	0
พ้อง	0
พอใจ	1
พอดี	1
พายุ	0
พาร์	0
พารา	0
พิธี	1
พีร์	0
พึ่ง	0
พื้น	2
พุ่ง	0
พุทธ	1
พุ่ม	0
เพคะ	0
เพ่ง	0
เพชร	1
เพลง	3
เพาะ	0
แพ็ก	0
แพร่	0
ไพร่	0
ฟ้อง	1
ฟื้น	0
เฟรม	0
แฟ้ม	0
ไฟล์	0
ภรณ์	0
ภัทร	0
ภาคี	0
ภาระ	1
ภาวะ	2
ภาษา	6
ภาษี	2
ภูมิ	1
มงคล	0
มณฑล	0
มนต์	0
มรดก	0
ม่วง	0
ม้วน	0
มั่ง	0
มั้ง	0
มั่น	0
มั้ย	2
มาตร	0
ม่าน	0
มานะ	0
มาร์	0
มาริ	0
มาลา	0
มิตร	0
มิติ	1
มื้อ	0
มุ่ง	1
เม็ด	1
เมตร	1
เมนู	0
เมล์	0
เมีย	1
แม่น	0
แม้น	0
แมลง	0
โมฆะ	0
โมโห	0
ยนต์	0
ย้อน	0
ย่อม	3
ย่อย	1
ยะลา	0
ยั่ว	0
ย่าง	0
ย่าน	0
ย้าย	2
ยิ่ง	7
ยิ้ม	3
ยื่น	2
ยุ่ง	0
ยุติ	0
ยุทธ	0
ยุ้ย	0
เย็น	2
เย็บ	0
เยอะ	2
เยาะ	0
แย่ง	0
แย้ง	0
แย้ม	0
รถไฟ	1
ร่วง	0
ร่วม	9
รหัส	0
ร่อง	0
ร้อง	2
ร้อน	3
ร้อย	2
ระดม	0
ระบบ	10
ระบำ	0
ระบุ	2
ระยะ	5
รั้ง	0
รัตน	0
รั่ว	0
รั้ว	0
ราคา	5
ร่าง	3
ร้าง	0
ราชา	0
ร้าน	4
ร้าย	1
ราศี	0
รื้อ	0
รุ่ง	1
รุ้ง	0
รุ่น	2
เร่ง	1
เร็ว	2
เร้า	0
เริง	0
เรีย	0
เรือ	3
ล้วน	1
ล็อก	0
ล็อค	0
ล่อง	0
ล้อม	0
ละก็	0
ละคร	1
ลั่น	0
ล่าง	1
ล้าง	1
ล้าน	4
ลำคอ	0
ลิตร	0
ลิ้น	0
ลิ้ม	0
ลีลา	0
ลีโอ	0
ลื่น	0
ลื้อ	0
ลุ้น	0
ลุ่ม	0
เล็ก	6
เลขา	0
เล็ง	0
เล่น	5
เล็บ	0
เล่ม	2
เลย์	0
เล่า	4
เลิก	2
เลิศ	0
เลีย	0
แล้ง	0
แล่น	0
แล้ว	60
โล่ง	0
โลหะ	0
วงจร	0
วงศ์	1
วงษ์	0
วรรค	2
วรรณ	0
ว่าง	1
วาจา	0
ว่าย	0
วาระ	1
วิ่ง	3
วิชา	2
วิตก	0
วิถี	0
วิธี	5
วิมล	0
วุฒิ	0
เวที	1
เว้น	0
เว็บ	0
เวลา	19
แว่น	0
แว่ว	0
โว้ย	0
ไวน์	0
ศาลา	0
ศิริ	0
ศิลป	0
ศิลา	0
สกัด	0
สกุล	0
สงค์	0
สงฆ์	0
สงวน	0
สง่า	0
สดใส	0
สตรี	1
สถาน	2
สนใจ	3
สนอง	0
สนาม	1
สนิท	1
สนุก	1
สบาย	2
สบู่	0
สเปน	0
สภาพ	4
สมทบ	0
สมรส	1
สมอง	1
สมัย	4
สมุด	0
สยาม	1
สรรพ	0
สรุป	2
สลัก	0
สลัด	0
สลับ	0
สลาก	0
สลาย	0
ส่วน	18
ส้วม	0
สวัส	0
สวิส	0
สหาย	0
ส่อง	0
ส้อม	0
สะกด	0
สะสม	1
สั่ง	3
สั่น	1
สั้น	2
สากล	1
สาขา	2
สามี	2
ส่าย	0
สาระ	1
สิ่ง	12
สิ้น	1
สินะ	0
สิริ	0
สื่อ	2
สุ่ม	0
สุรา	0
สูตร	0
เส้น	2
เสนอ	5
เสมอ	3
เสรี	1
เสวย	0
เสีย	9
เสือ	1
แสดง	10
หงส์	0
หงาย	0
หญ้า	1
หญิง	6
หนวด	0
หนอง	0
หนอน	0
หนัก	2
หนัง	2
หน้า	14
หนาว	1
หนี้	2
หนุน	0
หมวก	0
หมวด	1
หมวย	0
หม้อ	0
หมอก	0
หมอน	0
หมัก	0
หมัด	0
หมาก	0
หมาย	1
หมึก	0
หมุน	0
หมู่	1
หยอด	0
หย่า	0
หยาง	0
หยาบ	0
หยิบ	1
หยุด	3
หรอก	4
หรือ	57
หล่น	0
หลวง	2
หล่อ	1
หลอก	0
หลอด	0
หลัก	6
หลัง	7
หลับ	1
หลาก	0
หลาน	1
หลาย	12
หลีก	0
หลุด	1
หลุม	0
ห่วง	1
ห้วง	0
ห้วย	0
หวัง	2
หวัด	0
หว่า	0
หวาน	1
ห้อง	7
ห้อย	0
หั่น	0
ห่าง	1
ห้าง	0
ห้าม	2
หิมะ	0
หิ้ว	0
หุ่น	1
หุ้น	1
หุ้ม	0
เหงา	0
เหตุ	4
เห็น	24
เหมา	0
เหรอ	2
แห่ง	13
แห้ง	1
แหลม	0
แหละ	1
แหวน	0
ใหญ่	10
ใหม่	12
ไหม้	0
ไหล่	0
ไหว้	1
อคติ	0
องค์	2
องศา	0
อดทน	0
อดีต	2
อบรม	1
อพยพ	0
อภัย	0
อย่า	4
อยาก	11
อยู่	57
อริส	0
อรุณ	0
อ้วน	0
อ่อน	2
อ้อม	0
อ้อย	0
อะไร	19
อั๊ว	0
อากร	1
อ่าง	0
อ้าง	1
อาญา	1
อาทิ	1
อ่าน	5
อ้าย	0
อายุ	4
อาร์	0
อ่าว	0
อ้าว	0
อาสา	0
อิ่ม	0
อีตา	0
อึ้ง	0
อื่น	16
อุดม	0
อุ่น	0
อุบล	0
อุ้ม	0
เอ็ง	0
เอ็ด	0
เอ็น	0
เอ็ม	1
เอ่ย	1
เอ๊ย	0
เอ๋ย	0
เอ่อ	0
เอ้อ	0
เอ๊ะ	0
เอ้า	0
แอร์	0
โอ๊ย	0
ไอค์	0
ฮ่อง	0
เฮ้ย	0
เฮ้อ	0
เฮีย	0
ก็คือ	5
กดขี่	0
กดดัน	0
ก็ได้	6
ก็ตาม	2
กติกา	0
กระจก	1
กระทง	0
กระทบ	1
กระทะ	0
กระทำ	6
กระผม	0
กระแส	1
กริยา	0
กรี๊ด	0
กรุณา	0
กฤษณา	0
กล้วย	0
กล่อง	0
กล้อง	0
กลั่น	0
กลั้น	0
กล่าว	8
กลิ่น	1
กลุ่ม	12
กว้าง	2
กว๊าน	0
กอล์ฟ	0
กังวล	1
กานต์	0
การณ์	0
การ์ด	0
กำกับ	0
กำจัด	1
กำนัน	0
กำแพง	0
กำลัง	10
กำหนด	10
กิตติ	0
กิเลส	0
กุญแจ	0
เกณฑ์	1
เกมส์	0
เกร็ง	0
เกล้า	0
เกลือ	0
เกษตร	2
เกอร์	0
เกื้อ	0
เกือบ	2
แก้ไข	3
แกนนำ	0
แกล้ง	0
ขนส่ง	1
ขว้าง	0
ของดี	0
ข้อดี	0
ขอตัว	0
ขอโทษ	1
ขอบใจ	0
ขอรับ	1
ข้อหา	0
ขัดใจ	0
ขันธ์	0
ขับรถ	1
ขาออก	0
เขย่า	0
เขียน	5
เขียว	1
ไขมัน	0
คงที่	0
คนขับ	0
คนขาย	0
คนไข้	1
คนงาน	1
คนใช้	0
คนตาย	0
ค้นพบ	1
คนรวย	0
คนรัก	0
คนเรา	1
ค้นหา	0
ครรภ์	0
ครั้ง	15
ครั้น	0
คร่าว	0
ครึ่ง	2
คล่อง	0
คลั่ง	0
คล้าย	2
คลื่น	1
คอร์ด	1
คะแนน	1
คำตอบ	2
คำถาม	2
คำนวณ	1
คำนึง	1
คำพูด	1
คุณตา	0
เครือ	0
เคารพ	1
เคียง	0
เคือง	0
แคว้น	0
โฆษณา	1
งดงาม	1
เงียบ	2
เงือก	0
จนถึง	2
จราจร	0
จอมพล	1
จอร์จ	0
จอห์น	0
จัดทำ	1
จัดหา	1
จับตา	0
จารึก	1
จำกัด	2
จำคุก	1
จำนวน	7
จำแนก	0
จำพวก	0
จำลอง	0
จำเลย	1
จิตใจ	2
จูงใจ	0
เจตนา	2
เจรจา	1
เจริญ	2
เจอร์	0
เจียง	0
โจทก์	1
โจทย์	0
โจมตี	0
เฉพาะ	3
เฉลิม	0
เฉือน	0
ชดเชย	0
ชดใช้	0
ชอบใจ	0
ชะงัก	0
ชะมัด	0
ชาวนา	1
ชำนาญ	0
ชำรุด	0
ชีวิต	12
ชุมชน	3
เชียง	1
เชียว	0
เชื่อ	4
เชื้อ	1
เชือก	0
แชมป์	0
โชคดี	1
เซลล์	1
เซอร์	0
เซียน	0
ญัตติ	0
ณรงค์	0
ดนตรี	1
ดรุณี	0
ดวงตา	1
ดัชนี	0
ดำน้ำ	0
ดิฉัน	3
ดีงาม	0
ดีเซล	0
ดุสิต	0
ดูงาน	0
ดูถูก	0
เดวิด	0
เดอร์	0
เดียว	8
เดือด	0
เดือน	6
ตกต่ำ	0
ตนเอง	4
ต่อไป	7
ต่อมา	3
ตะกอน	0
ตะโกน	1
ตะวัน	0
ตังค์	0
ตัณหา	0
ตาบอด	0
ตามใจ	0
ตาราง	1
ตำนาน	1
ตำรวจ	2
ตำหนิ	0
ติดใจ	0
เตอร์	1
เตี่ย	0
เตี้ย	0
เตียง	1
เตือน	1
แต่ละ	6
ถูกใจ	0
เถียง	0
ทดแทน	1
ทดลอง	1
ทดสอบ	1
ทบทวน	0
ทรมาน	0
ทฤษฎี	2
ทองคำ	0
ทักษะ	0
ทันใด	0
ทันที	3
ทัวร์	0
ทัศน์	0
ทัศนะ	0
ท่าที	0
ทายาท	0
ทำการ	2
ทำงาน	10
ทำตัว	0
ทำท่า	1
ทำนอง	1
ทำนาย	0
ทำบุญ	0
ทำลาย	1
ทำให้	23
ทำเอา	0
ทิเบต	0
ทิพย์	0
ทีนี้	0
ที่มา	2
ทุกข์	2
ทุกที	0
เทวดา	0
เทอร์	0
เทียน	0
เทียบ	1
เทียม	0
ธรรมะ	0
นักรบ	0
นันท์	0
นายพล	0
น้ำใจ	0
น้ำตา	1
น้ำยา	0
นิกาย	0
นิทาน	1
นินทา	0
นิมิต	0
นิยาม	1
นิยาย	0
นิสัย	1
นิสิต	0
เนอร์	0
เนี่ย	1
เนียน	0
เนื้อ	2
แน่ใจ	1
แนะนำ	1
บทบาท	2
บรรจง	0
บรรจุ	1
บรรดา	1
บรรลุ	1
บริบท	0
บอร์ด	0
บัญชี	2
บันได	1
บางที	1
บารมี	0
บำนาญ	0
บำบัด	0
บำรุง	0
บุคคล	7
บุรุษ	0
บูรพา	0
เบอร์	1
เบี้ย	0
เบียด	0
เบื่อ	1
แบงก์	0
โบราณ	1
โบสถ์	0
ใบไม้	0
ปกปิด	0
ปรกติ	1
ประจำ	5
ประชด	0
ประชา	0
ประตู	3
ประถม	0
ประมง	0
ประสบ	2
ปรากฏ	4
ปรีชา	0
ปรีดี	0
ปล่อย	3
ปลื้ม	0
ปอนด์	0
ปัญญา	1
ปัญหา	12
ปากกา	0
ปารีส	0
ปีศาจ	0
เปล่ง	0
เปล่า	3
เปอร์	0
เปิ้ล	0
เปียก	0
โปร่ง	0
ผลงาน	1
ผลไม้	1
ผู้คน	2
ผู้ชม	0
ผู้ดี	0
ผู้นำ	2
เผชิญ	0
เผื่อ	0
ฝรั่ง	1
ฝีมือ	1
ฝึกฝน	0
พยาธิ	0
พรรษา	0
พร้อม	5
พระยา	1
พลเอก	0
พะเยา	0
พัฒน์	0
พัฒนา	9
พันธ์	0
พันปี	0
พัสดุ	0
พาหนะ	0
พิกัด	0
พิการ	0
พินิจ	0
พิมพ์	2
พิเศษ	3
พึมพำ	0
พูดจา	0
เพดาน	0
เพราะ	26
เพลิง	0
เพลิน	0
เพอร์	0
เพิ่ง	2
เพิ่ม	7
เพียง	8
เพียร	0
เพื่อ	29
แพทย์	3
แพร่ง	0
โพธิ์	0
ไพศาล	0
ฟอร์ม	0
ฟังดู	0
ฟาร์ม	0
ฟิล์ม	0
ฟีลด์	0
เฟอร์	0
ไฟฟ้า	1
ภรรยา	1
ภริยา	0
ภักดี	0
ภาชนะ	0
ภายใน	6
ภาวนา	0
ภิกษุ	0
ภูเขา	0
มงกุฎ	0
มดลูก	0
มนตรี	0
มลพิษ	0
มวลชน	0
มหาชน	0
มเหสี	0
มะนาว	0
มังกร	0
มัธยม	0
มาตรา	9
มายัง	0
มาร์ก	0
มาร์ค	0
มารดา	1
มาลัย	0
มิใช่	1
มิได้	3
มิให้	1
เมตตา	0
เมล็ด	0
เมื่อ	28
เมือง	9
ไมตรี	0
ยกมือ	0
ยักษ์	0
ยังคง	3
ยังไง	3
ยากจน	1
ยาสูบ	0
ยินดี	1
ยุโรป	1
เยาว์	0
เยื่อ	0
เยือน	0
รบกวน	0
รอคอย	0
ระฆัง	0
ระงับ	0
ระดับ	8
ระนาบ	0
ระบอบ	1
ระบาด	0
ระบาย	1
ระยอง	0
ระลึก	0
ระวัง	1
ระวาง	0
ระแวง	0
รักษ์	0
รักษา	5
รังสี	0
รัตน์	0
รับคำ	0
รัศมี	0
ราตรี	0
ราษฎร	1
รำคาญ	0
รำลึก	0
เริ่ม	7
เรียก	6
เรียง	1
เรียน	6
เรียบ	1
เรียว	0
เรือง	0
เรือน	1
โรมัน	0
ฤทธิ์	1
ลงตัว	0
ลงทุน	1
ลงโทษ	1
ลงนาม	0
ลงมือ	0
ละลาย	0
ละเลย	0
ละออง	0
ลังเล	0
ลัทธิ	0
ลาออก	0
ลำดับ	2
ลำตัว	0
ลำบาก	1
ลำพัง	0
ลำไส้	0
ลืมตา	0
ลูกตา	0
เลอร์	0
เลือก	5
เลือด	2
เลือน	0
แลนด์	0
โลหิต	0
วงกลม	0
วงการ	1
วัฒน์	0
วัฒนา	0
วัตถุ	1
วัสดุ	0
วิกฤต	0
วิจัย	4
วิชัย	0
วิทย์	0
วิทยา	1
วิทยุ	1
วินัย	0
วิเศษ	0
วิษณุ	0
วิสัย	0
วิหาร	0
เวทนา	0
เวอร์	0
เวียง	0
เวียน	0
แวดวง	0
แววตา	0
ไว้ใจ	0
ไวรัส	0
ศัตรู	1
ศัพท์	0
ศาสนา	2
ศิลป์	0
ศิลปะ	2
ศิษย์	0
ศีรษะ	1
ศึกษา	5
ศุกร์	0
ศูนย์	2
เศร้า	1
สกปรก	0
สงขลา	0
ส่งผล	2
สงสัย	2
สงสาร	0
สไตล์	0
สถานะ	0
สถานี	1
สถิติ	0
สนทนา	1
สนั่น	0
สภาวะ	1
สมการ	0
สมควร	1
สมดุล	0
สมมติ	0
สมัคร	1
สมาคม	1
สมาธิ	1
สมุทร	0
สโมสร	0
สรรหา	0
สร้อย	0
สร้าง	10
สว่าง	1
สหภาพ	0
สหรัฐ	2
สะกิด	0
สะดวก	1
สะดุด	0
สะบัด	0
สะพาน	0
สะอาด	1
สังคม	11
สัญญา	3
สัตว์	3
สันต์	0
สันติ	0
สับสน	0
สาธิต	0
สาบาน	0
สามัญ	0
สายตา	2
สายลม	0
สาหัส	0
สำคัญ	7
สำนวน	0
สำนัก	2
สำนึก	0
สำเนา	0
สำรวจ	1
สำรอง	0
สำราญ	0
สิงห์	0
สิทธิ	5
สีสัน	0
สุทธิ	0
สุนทร	0
สุนัข	0
สุภาพ	0
สุสาน	0
เสด็จ	1
เสร็จ	2
เสริม	1
เสาร์	0
เสี่ย	0
เสียง	11
เสียบ	0
เสื้อ	2
แสงไฟ	0
แสงสี	0
ใส่ใจ	0
หนทาง	0
หน่วย	2
หน่อย	2
หนึ่ง	28
หนุ่ม	2
หม่อม	0
หมั่น	0
หมั้น	0
หมื่น	1
หย่อน	0
หล่อน	3
หวั่น	0
หอพัก	0
หัวใจ	3
หากิน	0
หาไม่	0
หายใจ	1
หารือ	1
เหนือ	3
เหม็น	0
เหม่อ	0
เหมาะ	1
เหล็ก	1
เหล่า	1
เหล้า	1
เหลือ	3
แหม่ม	0
แหล่ง	2
โหน่ง	0
อนาคต	2
อนึ่ง	0
อย่าง	49
อร่อย	1
อวกาศ	0
อวยพร	0
อสุจิ	0
อักษร	1
อัตรา	3
อันดี	0
อาการ	4
อากาศ	2
อาคาร	1
อาชีพ	2
อาวุธ	1
อาศัย	3
อาหาร	8
อำนวย	0
อำนาจ	7
อำเภอ	1
อิจฉา	0
อิสระ	1
อีสาน	0
อึดใจ	0
อุทาน	0
อุทิศ	0
เอกชน	2
เอดส์	0
เอาใจ	0
เอียง	0
เอื้อ	0
แอนด์	0
แออัด	0
โอกาส	5
ไอน้ำ	0
เฮือก	0
โฮสต์	0
กฎหมาย	8
กตัญญู	0
กรรมกร	0
กระจาย	1
กระชับ	0
กระชาก	0
กระซิบ	0
กระดาน	0
กระดาษ	1
กระดูก	0
กระโดด	0
กระตุก	0
กระแทก	0
กระบวน	0
กระบอก	0
กระบี่	0
กระมัง	0
กระสุน	0
กลวิธี	0
กลางคน	0
กลาโหม	0
ก่อการ	0
กองทัพ	1
กองทุน	1
กักขัง	0
กันเอง	1
กางเกง	1
กายภาพ	0
กำเนิด	1
กิจการ	2
กิริยา	0
กีดกัน	0
กีตาร์	0
กุหลาบ	0
กู้ยืม	0
เกรงใจ	0
เกลียด	0
เกวียน	0
เกาหลี	0
เกินไป	2
เกี่ยว	0
แก่ตัว	0
แก้ตัว	0
ขณะที่	2
ขณะนี้	1
ขนมปัง	0
ข่มขืน	0
ข่มขู่	0
ข้อคิด	0
ของใช้	0
ขอบเขต	1
ขอบคุณ	1
ข้อมือ	0
ข้อมูล	7
ขอร้อง	0
ข้อสอบ	0
ขับขี่	0
ขาเข้า	0
ข้างใน	0
ข้างบน	0
ขาดดุล	0
ขาดทุน	0
ขุนนาง	0
เข้าใจ	6
เข้าหา	0
เขื่อน	0
คนร้าย	0
คมนาคม	0
ครอบงำ	0
คริสต์	0
คลินิก	0
ควบคุม	3
ควบคู่	0
ความจำ	0
ความดี	0
ค้าขาย	0
ค่าที่	0
ค่ำคืน	0
คำมั่น	0
คำร้อง	0
คำสั่ง	2
คิดค้น	0
คิดถึง	1
คิดมาก	0
คึกคัก	0
คุกคาม	0
คุณครู	0
คุณค่า	1
คุณนาย	0
คุณปู่	0
คุณภาพ	2
คุณแม่	1
คุณย่า	0
คุณหมอ	1
คู่มือ	0
คู่รัก	0
เคยชิน	0
เครดิต	0
เครียด	0
เคลือบ	0
เคี้ยว	0
แคนาดา	0
แค่นี้	0
เงินสด	0
แง่มุม	0
จดหมาย	1
จนกว่า	1
จริงใจ	0
จังหวะ	1
จัดการ	3
จัดงาน	0
จัดวาง	0
จัดสรร	0
จันทร์	1
จับกุม	0
จากนี้	0
จำต้อง	0
จำเป็น	4
จุดยืน	0
เจดีย์	0
เจาะจง	0
แจ่มใส	0
ใจกลาง	0
ใจเย็น	0
ฉะนั้น	1
เฉลี่ย	1
ชนชั้น	1
ชนชาติ	0
ชักจูง	0
ชักชวน	0
ชัดเจน	3
ชั้นนำ	0
ชั้นใน	0
ชัยชนะ	0
ชายแดน	0
ชายหาด	0
ชี้ขาด	0
ชี้แจง	1
ชีวภาพ	0
ชื่นชม	0
ชุมนุม	0
เชียร์	0
เชื่อม	1
ใช้งาน	1
ใช้ได้	1
ใช้สอย	0
ซักถาม	0
ฐานทัพ	0
ดวงดาว	0
ดอกบัว	0
ดอกไม้	1
ดังที่	1
ดังนี้	3
ดาวหาง	0
ดำเนิน	2
ดินแดน	1
ดิ้นรน	0
ดีไซน์	0
ดีแล้ว	0
ดึงดูด	0
เดียร์	0
เดี่ยว	0
เดี๋ยว	2
โดยตรง	1
โดยที่	1
โดยสาร	0
ได้แก่	3
ได้ที่	1
ได้ยิน	3
ได้รับ	13
ตกแต่ง	0
ตกเป็น	1
ต้นทุน	1
ต้นแบบ	0
ต้นไม้	1
ตรงกัน	0
ตรงนี้	1
ตรวจพบ	0
ตระกูล	1
ตราบใด	0
ตราสาร	0
ตลอดจน	1
ตอกย้ำ	0
ต้องหา	0
ตอนต้น	0
ตอนนี้	3
ตอนแรก	0
ตอบโต้	0
ตอบแทน	1
ตอบรับ	0
ต่อรอง	0
ต่อว่า	0
ต่อสู้	1
ตะกร้า	0
ตั้งใจ	2
ตัดสิน	1
ตัวแทน	1
ตัวแปร	1
ตัวผู้	0
ตัวเรา	0
ตัวเลข	1
ตัวเอง	8
ตายตัว	0
ต่ำสุด	0
ตำหนัก	0
ติดต่อ	2
ติดตัว	0
ติดตาม	1
ตีความ	1
ตุ๊กตา	0
ตุลาคม	1
เต้นรำ	0
เต็มใจ	0
เต็มที	0
เตรียม	2
เติบโต	1
แตกแยก	0
แต่ว่า	1
โต้ตอบ	0
ไตรมาส	0
ไต่สวน	0
ถ้อยคำ	1
ถ่ายทำ	0
ถ้าหาก	1
ถึงกับ	1
ถึงที่	0
ถึงแม้	1
ถือว่า	3
เถื่อน	0
ทรัพย์	1
ทศวรรษ	1
ทะเลาะ	0
ทักทาย	0
ทักษิณ	1
ทับทิม	0
ทั่วไป	3
ทางการ	3
ทางออก	0
ท่าทาง	1
ท้าทาย	0
ทำเป็น	1
ทำร้าย	1
ทิศทาง	1
ที่ดิน	2
ที่ทาง	0
ที่แท้	0
ที่นอน	0
ที่พัก	0
ทีมงาน	0
ที่รัก	0
ที่ราบ	0
ที่สุด	9
ทีหลัง	0
ที่ไหน	1
ทุจริต	0
ทุ่มเท	0
เทคนิค	1
เทนนิส	0
เทศกาล	0
เทศบาล	0
เท่าใด	0
เท่าไร	0
เที่ยง	0
เที่ยว	2
แทนที่	1
ธนาคาร	1
ธรรมดา	2
ธุรกิจ	3
นโยบาย	3
นเรศวร	0
นอกจาก	3
น้อยใจ	0
นักคิด	0
นักเตะ	0
นักโทษ	0
นักบิน	0
นักเลง	0
นักสืบ	0
นักหนา	0
นับแต่	1
นับถือ	1
นับว่า	1
นางสาว	0
นางเอก	0
นายทุน	0
น่ารัก	1
นาฬิกา	1
นำเข้า	1
น้ำตาล	1
น้ำปลา	0
น้ำมัน	2
น้ำลาย	0
น้ำหอม	0
นิพนธ์	0
นิพพาน	0
นี่เอง	0
นี้เอง	1
นึกคิด	0
นึกถึง	1
เนื่อง	0
แน่ชัด	0
แน่นอน	2
แนวคิด	2
แนวทาง	2
แนะแนว	0
บ่งชี้	0
บ่งบอก	0
บทความ	1
บทเพลง	0
บรรทัด	0
บรรทุก	0
บรรเทา	0
บรรยาย	1
บรรเลง	0
บราซิล	0
บริการ	4
บริจาค	0
บริโภค	1
บริวาร	0
บริเวณ	3
บริษัท	4
บริหาร	3
บังคับ	3
บัณฑิต	0
บัดนี้	0
บันดาล	0
บันทึก	2
บางกอก	0
บาดแผล	0
บำเพ็ญ	0
บุคลิก	0
บุญคุณ	0
บุหรี่	1
เบียร์	0
เบื้อง	0
แบบแผน	0
แบรนด์	0
โบกมือ	0
ใบหน้า	1
ปกครอง	3
ปกคลุม	0
ปกป้อง	0
ปฏิรูป	1
ปฏิเสธ	1
ประกวด	0
ประกอบ	4
ประกัน	1
ประกาย	0
ประการ	3
ประกาศ	4
ประคอง	0
ประจวบ	0
ประชุม	5
ประณีต	0
ประดับ	0
ประทับ	0
ประทาน	0
ประเทศ	18
ประธาน	3
ประนอม	0
ประภาส	0
ประเภท	4
ประมวล	1
ประมาณ	4
ประมาท	0
ประมุข	0
ประมูล	0
ประโยค	1
ประสาท	1
ประสาน	1
ประหาร	0
ปรัชญา	0
ปราสาท	0
ปริญญา	0
ปริมาณ	2
ปรึกษา	1
ปวดหัว	0
ปัจจัย	2
ปัจเจก	0
ป่าไม้	0
ปิดบัง	0
ปีใหม่	0
เป็นไร	1
เป็นลม	0
เปรียบ	0
เปลือก	0
เปลือย	0
เปียโน	0
เปี่ยม	0
เปื้อน	0
แปรรูป	0
แปลกใจ	0
โปรตีน	0
ผจญภัย	0
ผลผลิต	1
ผลเสีย	0
ผันผวน	0
ผ่าตัด	1
ผูกขาด	0
ผูกพัน	1
ผู้ขาย	0
ผู้ค้า	0
ผู้ชาย	3
ผู้ใช้	1
ผู้ตาย	0
ผู้ทรง	0
ผู้แทน	1
ผู้ฟัง	0
ผู้ว่า	0
ผู้สอบ	0
แผนการ	0
แผนงาน	0
แผนที่	1
ฝ่าฝืน	0
ฝ่ามือ	0
ฝีเท้า	0
ฝึกหัด	0
พยาบาล	1
พยายาม	5
พรมแดน	0
พรรณนา	0
พระทัย	0
พระนาง	0
พระบรม	1
พระเอก	0
พวกเขา	2
พวกเรา	1
พ่อขุน	0
พ่อค้า	0
พ่อคุณ	0
พ่อแม่	2
พักตร์	0
พันธุ์	1
พิธีกร	0
พี่ชาย	1
พึ่งพา	0
พูดคุย	1
พูดถึง	1
เพี้ยน	0
เพื่อน	7
ไพเราะ	0
ฟรอยด์	0
ฟื้นฟู	1
ฟุตบอล	0
แฟชั่น	1
แฟรงค์	0
ภาคใต้	1
ภาพรวม	0
ภายใต้	2
ภายนอก	1
ภารกิจ	0
ภูเก็ต	0
ภูมิใจ	0
มกราคม	0
มนุษย์	5
มหานคร	1
มหาราช	0
มหาศาล	0
มะม่วง	0
มะเร็ง	0
มันแกว	0
มั่นคง	2
มั่นใจ	1
มากมาย	3
มารยาท	0
มีชื่อ	1
มีนาคม	0
มีอายุ	1
มือขวา	0
มือสอง	0
มุสลิม	0
มูลค่า	1
มูลฝอย	0
เมษายน	0
เมื่อย	0
แม่ค้า	0
แม้แต่	2
แม่นยำ	0
แม่น้ำ	1
แม้ว่า	1
โมฆียะ	0
ไมเคิล	0
ไม่ทัน	1
ไม่แพ้	0
ไม่ว่า	3
ยกย่อง	0
ยกเลิก	1
ยกเว้น	1
ยอมรับ	3
ยังชีพ	0
ยาวนาน	0
ยินยอม	1
ยี่สิบ	0
ยี่ห้อ	0
ยึดถือ	0
ยืนยัน	1
เยาวชน	1
เยี่ยม	1
แยกแยะ	0
รณรงค์	0
รถเมล์	0
รถยนต์	1
รวบรวม	1
รวมตัว	0
รสชาติ	0
รสนิยม	0
ร้องขอ	0
รองรับ	1
รอบคอบ	0
ร้อยละ	2
ระเบิด	1
ระเริง	0
รัชกาล	1
รัฐบาล	6
รัฐสภา	1
รับแขก	0
รับใช้	0
รับปาก	0
รับผิด	0
รับมือ	0
รับรอง	1
รับรู้	1
รากฐาน	0
รางวัล	1
ราชการ	4
รายการ	2
รายงาน	3
รายได้	3
รายวัน	0
ราวกับ	1
ร่ำรวย	0
รุกราน	0
รุนแรง	1
รู้จัก	4
รู้ตัว	1
รูปทรง	0
รูปแบบ	3
รู้สึก	6
เรื่อง	32
เรื่อย	2
แรงงาน	3
โรงงาน	1
โรงแรม	1
ฤดูกาล	0
ลงชื่อ	0
ลวดลาย	0
ลอนดอน	0
ละเมิด	0
ลักลอบ	0
ลักษณ์	1
ลักษณะ	8
ล้านนา	0
ล่าสุด	1
ลึกลับ	0
ลูกค้า	1
ลูกชาย	1
ลูกสาว	1
เลขที่	0
เลี่ยง	0
เลี้ยง	2
เลี้ยว	0
เลื่อน	1
แล้วก็	4
วงเงิน	0
วันที่	7
วันนี้	3
วางตัว	0
วางแผน	1
ว่าที่	0
วานนี้	0
วารสาร	0
วิกฤติ	0
วิจิตร	0
วิญญาณ	1
วิดีโอ	0
วินาที	0
วิศวกร	0
โวยวาย	0
ศตวรรษ	1
ศรัทธา	0
ศักดิ์	1
ศาสตร์	0
ศิลปิน	1
เศรษฐี	0
สงคราม	1
ส่งตัว	0
ส่งมอบ	0
ส่งออก	1
สดชื่น	0
สตางค์	0
สถาบัน	3
สถาปนา	0
สบายใจ	1
สมเด็จ	1
สมบัติ	1
สมมุติ	0
สมหวัง	0
สมาชิก	3
สฤษดิ์	0
สวยงาม	1
สวรรค์	1
สวัสดี	0
สหกรณ์	1
สอบถาม	0
สอบสวน	1
สะดุ้ง	0
สะท้อน	1
สังกัด	0
สังเกต	2
สังขาร	0
สังคีต	0
สังหาร	0
สัญญาณ	1
สัมผัส	1
สัมมนา	0
สามสิบ	0
สามารถ	14
สายน้ำ	0
สารคดี	0
สารพัด	0
สารภาพ	0
สาเหตุ	2
สำเร็จ	1
สำหรับ	11
สิทธิ์	1
สินค้า	4
สีหน้า	1
สืบทอด	0
สืบสวน	0
สุขภาพ	2
สุจริต	0
สุดยอด	0
สุพรรณ	0
สุวรรณ	0
สูงส่ง	0
สูงสุด	1
สูญหาย	0
เส้นผม	0
เสน่ห์	0
เสมือน	0
เสิร์ฟ	0
เสี่ยง	1
เสียใจ	1
เสียที	0
เสี้ยว	0
เสื่อม	0
แสงแดด	0
แสวงหา	1
โสเภณี	0
หน้าตา	1
หน้าอก	0
หรูหรา	0
หลงใหล	0
หลังคา	0
หลับตา	0
ห่วงใย	0
หัวข้อ	1
หาความ	0
หาเงิน	0
เหงื่อ	0
เหตุผล	3
เห็นใจ	0
เหนียว	0
เหมือง	0
เหมือน	12
เหยียด	0
เหยียบ	0
เหยื่อ	1
เหรียญ	1
เหลียว	0
เหลือง	1
เหลือบ	0
เหี่ยว	0
ให้การ	1
ใหญ่โต	0
ให้ออก	0
องค์กร	2
อธิบดี	1
อธิบาย	3
อนามัย	0
อนุญาต	3
อนุบาล	0
อนุโลม	0
อบอุ่น	1
อมยิ้ม	0
อยุธยา	1
อวัยวะ	1
ออกแบบ	1
อ่อนแอ	0
อักเสบ	0
อังกฤษ	3
อังคาร	0
อันดับ	1
อัยการ	0
อาบน้ำ	0
อารมณ์	3
อาวุโส	0
อาหรับ	0
อำพราง	0
อิตาลี	0
อินทร์	0
อิสลาม	0
อึดอัด	0
อุทยาน	0
อุปทาน	0
อุปโภค	0
เอกภาพ	0
เอกราช	0
เอกสาร	2
เอเชีย	1
เอ็นดู	0
เอาชนะ	0
เอาแต่	0
เอื้อม	0
ฮ่องกง	0
กฎเกณฑ์	0
กรกฎาคม	0
กรรมการ	2
กรรมฐาน	0
กระจ่าง	0
กระเด็น	0
กระต่าย	0
กระตุ้น	1
กระทรวง	4
กระทั่ง	0
กระนั้น	0
กระป๋อง	0
กระเป๋า	1
กระโปรง	0
กระเพาะ	0
กราบทูล	0
กรุงเทพ	2
กลฉ้อฉล	0
กลมกลืน	0
กลยุทธ์	0
กลางคืน	0
กลางวัน	0
กล่าวหา	1
กล้าหาญ	0
ก่อตั้ง	0
กันยายน	0
กับข้าว	0
กัมพูชา	0
การคลัง	1
การเงิน	1
การ์ตูน	0
กาลเวลา	0
กำลังใจ	1
กิจกรรม	2
กู้เงิน	0
เกษตรกร	1
เก่าแก่	0
เก้าอี้	1
เกียรติ	1
ใกล้ชิด	1
ขณะนั้น	0
ขบวนการ	0
ขยายตัว	1
ข้อความ	1
ของกลาง	0
ของเก่า	0
ของขวัญ	0
ของเล่น	0
ของเสีย	0
ข้อตกลง	1
ข้อสรุป	0
ข้อเสนอ	0
ข้อเสีย	0
ขัดขวาง	0
ขัดแย้ง	0
ขั้นตอน	1
ขั้นต่ำ	0
ข้างต้น	1
ข้างนอก	0
ข้างมาก	0
ขาดแคลน	0
ข้าวของ	0
ข้าวต้ม	0
ข้าวโพด	0
ข่าวสาร	1
ข้าวสาร	0
ข้าหลวง	0
เข้มข้น	0
เข้มงวด	0
เข้าถึง	0
เข้าสู่	1
แข่งขัน	2
แข็งแรง	1
คดีอาญา	0
ค้นคว้า	0
ครบถ้วน	0
คลาสสิก	0
ความคิด	5
ความชอบ	0
ความถี่	0
ความผิด	3
ความรู้	3
คอลัมน์	0
คัดค้าน	0
คัมภีร์	0
ค่าจ้าง	1
ค่าเช่า	0
คาดหมาย	0
คาดหวัง	0
ค่านิยม	0
คำกล่าว	0
คำแนะนำ	0
คิดเห็น	1
คืบหน้า	0
คุณธรรม	0
คุณวุฒิ	0
คุณหญิง	0
คุ้นเคย	0
คุ้มค่า	0
คู่กรณี	0
คู่แข่ง	0
คู่สมรส	0
เคราะห์	0
เครื่อง	3
เคลื่อน	0
แค่นั้น	0
โครงการ	4
ฆาตกรรม	0
ง่ายดาย	0
เงินกู้	0
เงินได้	0
เงินตรา	0
เงินทอง	0
เงินทุน	0
เงินฝาก	0
จริงจัง	1
จ้องมอง	0
จักรยาน	0
จักรวาล	0
จังหวัด	4
จัดตั้ง	1
จากนั้น	1
จ้างงาน	0
จำหน่าย	1
จุดเด่น	0
จุดหมาย	0
จุดอ่อน	0
เจ็บปวด	0
เจ้าของ	3
เจ้าคุณ	0
เจ้าชาย	0
เจ้าตัว	0
เจ้านาย	1
เจ้าพ่อ	0
เจ้าฟ้า	0
เจ้าภาพ	0
เจ้าแม่	0
เจ้าสาว	0
ฉับพลัน	0
ฉุกเฉิน	0
ชนะเลิศ	0
ช่องทาง	0
ชอบธรรม	0
ชัดแจ้ง	0
ชั่วโมง	2
ชาติไทย	1
ชายฝั่ง	0
ชาวต่าง	0
ชาวบ้าน	2
ชินวัตร	0
ชื่นชอบ	0
ชื่อดัง	0
ชื่อว่า	1
เช่นนี้	2
ใช้จ่าย	0
ซ่อมแซม	0
ซับซ้อน	0
ซาบซึ้ง	0
ซื้อขาย	0
ญี่ปุ่น	3
ดอลลาร์	0
ดังเช่น	0
ดังนั้น	4
ดัดแปลง	0
ดาวฤกษ์	0
ดุลยภาพ	0
เด็กชาย	0
เด็ดขาด	1
เด่นชัด	0
เดินทาง	4
โด่งดัง	0
โดดเด่น	0
ได้เสีย	0
ต้นฉบับ	0
ต้นเหตุ	0
ตรงกลาง	0
ตรงข้าม	1
ตรวจสอบ	2
ตระหนัก	1
ต้องการ	6
ต่อต้าน	1
ตอนเช้า	0
ตอนนั้น	1
ตอนเย็น	0
ต้อนรับ	0
ตอนหลัง	0
ตอบสนอง	1
ต่อหน้า	0
ตะวันตก	2
ตั้งตัว	0
ตั้งแต่	7
ตัวเมีย	0
ตัวละคร	1
ต่างหาก	1
ต้านทาน	0
ตำแหน่ง	5
ติดตั้ง	0
ตีพิมพ์	0
ตื่นตัว	0
ตุลาการ	0
ตู้เย็น	0
เต็มตัว	0
เต็มที่	1
แตกต่าง	4
แต่ก่อน	0
แต่งกาย	0
แต่งงาน	2
แต่งตัว	1
แต่เดิม	0
แต่ทว่า	0
โตเกียว	0
โต้แย้ง	0
ไต้หวัน	0
ถกเถียง	0
ถอยหลัง	0
ถ่านหิน	0
ถ่ายทอด	1
ถ่ายภาพ	0
ถ่ายรูป	0
ถิ่นฐาน	0
ถึงขนาด	0
ถือครอง	0
ถูกต้อง	2
ท้องที่	0
ท้องฟ้า	0
ทอดทิ้ง	0
ทะเบียน	1
ทะเลสาบ	0
ทั้งคู่	1
ทั้งที่	1
ทั้งนี้	3
ทั้งปวง	0
ทั้งหมด	4
ทันสมัย	0
ทั่วถึง	0
ทัศนคติ	0
ทางเข้า	0
ทางเดิน	0
ทางหลวง	0
ท่าเรือ	0
ทำเนียบ	0
ที่จริง	1
ทีเดียว	1
ที่ตั้ง	1
ที่นั่ง	1
ที่พึ่ง	0
ที่แล้ว	1
ที่อยู่	4
ทุกแห่ง	0
ทุนนิยม	1
เทพเจ้า	0
เท่ากับ	2
เท่านี้	0
แท็กซี่	0
แท้จริง	2
แทรกแซง	0
ธรรมราช	0
ธันวาคม	1
นวนิยาย	0
น้องชาย	0
นักกีฬา	0
นักข่าว	0
นักร้อง	0
นักแสดง	0
นัดหมาย	0
นั่นคือ	1
นั่นเอง	1
นัยน์ตา	0
น่ากลัว	0
นามธรรม	0
นามสกุล	0
นายจ้าง	1
นายทหาร	0
น่าสนใจ	1
น้ำแข็ง	0
น้ำเงิน	0
น้ำท่วม	1
น้ำพริก	0
น้ำหนัก	1
นิตยสาร	1
นี่แหละ	1
นุ่มนวล	0
เนื้อหา	1
แนวโน้ม	1
บกพร่อง	0
บทเรียน	0
บทสนทนา	0
บังเกิด	0
บังเอิญ	0
บัญญัติ	1
บันเทิง	0
บาดเจ็บ	1
บ้านพัก	0
บำเหน็จ	0
บุคลากร	1
เบาหวาน	0
แบ่งปัน	0
แบ่งแยก	0
ปฏิบัติ	5
ปฏิวัติ	1
ประชากร	1
ประชาคม	0
ประชาชน	6
ประเด็น	2
ประท้วง	0
ประพฤติ	1
ประเพณี	1
ประเมิน	1
ประวัติ	1
ประสงค์	1
ประหยัด	1
ประหลาด	0
ปรับตัว	1
ปรัมปรา	0
ปรารถนา	1
ปราศจาก	1
ปริมณฑล	0
ปลอดภัย	2
ปลายทาง	0
ปลูกฝัง	0
ป้องกัน	2
ปะการัง	0
ปักกิ่ง	0
ปัญญาชน	0
ปัตตานี	0
ปัสสาวะ	0
ปานกลาง	0
ป่านนี้	0
เป็นได้	0
เป็นต้น	3
เป็นรอง	0
เป็นอัน	0
เปรี้ยว	0
เปลี่ยน	5
เปิดเผย	2
แปซิฟิก	0
แปรปรวน	0
โปรแกรม	1
โปร่งใส	0
โปรล็อก	0
ผลกระทบ	1
ผลลัพธ์	0
ผลักดัน	0
ผสมผสาน	0
ผ่อนผัน	0
ผ่านพ้น	0
ผิดพลาด	0
ผิดหวัง	0
ผิวหนัง	0
ผีเสื้อ	0
ผู้ช่วย	0
ผู้ซื้อ	0
ผู้เฒ่า	0
ผู้ดูแล	0
ผู้แต่ง	0
ผู้นั้น	1
ผู้ป่วย	1
ผู้ผลิต	1
ผู้ร้าย	0
ผู้แสดง	0
ผู้หญิง	5
ผู้ใหญ่	2
เผยแพร่	1
แผ่นดิน	1
ฝึกอบรม	0
พนักงาน	1
พยากรณ์	0
พรรคพวก	0
พระเจ้า	2
พระราชา	0
พระสงฆ์	0
พระองค์	2
พราหมณ์	0
พริกไทย	0
พฤษภาคม	0
พลเมือง	0
พลเรือน	0
พลังงาน	1
พลาสติก	0
พอเพียง	0
พอสมควร	0
พักผ่อน	0
พันล้าน	0
พาณิชย์	1
พ่ายแพ้	0
พิจารณา	7
พิทักษ์	0
พิธีการ	0
พิพากษา	1
พิสูจน์	1
พี่น้อง	1
พึงพอใจ	0
พื้นฐาน	2
พื้นดิน	0
พื้นที่	5
พื้นผิว	0
เพิกถอน	0
เพียงใด	1
เพียงพอ	1
ฟื้นตัว	0
ภาคกลาง	0
ภาควิชา	0
ภาพถ่าย	0
ภาพพจน์	0
ภายหลัง	1
ภูมิภาค	1
มหาดไทย	0
มองเห็น	1
มอบหมาย	1
มะพร้าว	0
มาตรการ	1
มาตรฐาน	2
มาเรียน	0
มิตรภาพ	0
มีเสียง	0
มูลนิธิ	0
มูลเหตุ	0
เมเจอร์	0
เมื่อใด	0
เมื่อไร	0
แม่บ้าน	0
ไม่ค่อย	2
ไมเนอร์	0
ยังงั้น	0
ยั่งยืน	0
ยับยั้ง	0
ยึดมั่น	0
ยื่นมือ	0
ยุ่งยาก	0
เยอรมนี	0
เยอรมัน	0
เยอะแยะ	0
เยียวยา	0
โยกย้าย	0
รถไฟฟ้า	0
รวดเร็ว	1
รวมทั้ง	3
ร่วมมือ	0
รองเท้า	1
ร่องรอย	0
ร้องไห้	1
รอยยิ้ม	1
ระเบียง	0
ระเบียบ	3
ระยะทาง	0
ระหว่าง	11
รักใคร่	0
รับจ้าง	0
รับทราบ	0
รับสั่ง	0
รัสเซีย	0
ร่างกาย	3
ราชธานี	0
ราชวงศ์	0
ราชสีมา	0
ร้านค้า	0
ราบรื่น	0
รายจ่าย	1
รายชื่อ	0
ร้ายแรง	0
ร่าเริง	0
ริเริ่ม	0
รูปถ่าย	0
รูปธรรม	0
รูปร่าง	1
รู้อยู่	0
เร่งรัด	0
เรือนจำ	0
ลมหายใจ	0
ล้มเหลว	0
ล้อมรอบ	0
ละเอียด	1
ลายเซ็น	0
ลึกซึ้ง	0
ลุ่มน้ำ	0
ลูกจ้าง	1
ลูกเสือ	0
ลูกหนี้	0
ลูกหลาน	0
เลวร้าย	0
แล้วแต่	1
วนเวียน	0
วรรณคดี	1
วันเวลา	0
วันหยุด	0
วัยรุ่น	1
ว่าความ	0
ว่างงาน	0
ว่าจ้าง	0
วาทกรรม	0
ว่ายน้ำ	0
วิจารณ์	1
วิชาการ	1
วิชาชีพ	1
วิตามิน	0
วิถีทาง	0
วิธีการ	4
วิธีคิด	0
วิพากษ์	0
วิสามัญ	0
วุฒิสภา	0
วุ่นวาย	0
เวชกรรม	0
เว้นแต่	1
แวดล้อม	0
แวมไพร์	0
ศักดินา	0
ศักยภาพ	0
ศาลฎีกา	0
ศีลธรรม	1
ศุลกากร	0
สถานที่	2
สถานภาพ	0
สถาปนิก	0
สนามบิน	0
สนิทสนม	0
สมบูรณ์	2
สมัครใจ	0
สมุนไพร	0
สวดมนต์	0
ส่วนตัว	1
ส่วนผสม	0
ส่วนมาก	0
ส่วนรวม	0
สวัสดิ์	0
สั่งการ	0
สั่งสอน	0
สัญชาติ	0
สัดส่วน	1
สันสกฤต	0
สัปดาห์	1
สัมปทาน	0
สาธารณะ	1
สามัคคี	0
สารเคมี	0
สำเนียง	0
สิ่งของ	0
สิงหาคม	0
สินสมรส	0
สิ้นสุด	1
สื่อสาร	2
สุโขทัย	0
สุดท้าย	3
สูงอายุ	0
สูญเสีย	1
เส้นตรง	0
เส้นทาง	1
เสนอแนะ	0
เสนาบดี	0
เสมอภาค	0
เสรีภาพ	1
เสียดาย	0
เสียสละ	0
เสียหาย	1
แสดงออก	1
หนักหนา	0
หนังสือ	7
หน้ากาก	0
หน้าที่	5
หนาแน่น	0
หน้าผาก	0
หนี้สิน	0
หมดสิ้น	0
หมายถึง	3
หมายเลข	1
หรือไม่	5
หลอกลวง	0
หลักการ	1
หลักฐาน	2
หลังจาก	3
หลุดพ้น	0
ห้องน้ำ	0
หันหน้า	0
หันหลัง	0
หัวเราะ	2
หัวหน้า	1
ห่างไกล	0
หาเสียง	0
เห็นชอบ	1
เหนื่อย	1
เหมาะสม	2
เหลี่ยม	0
โหดร้าย	0
ให้อภัย	0
องค์การ	1
อธิปไตย	0
อนุมัติ	1
อภิปราย	0
อเมริกา	1
อย่างไร	5
อยู่รอด	0
อ่อนโยน	0
ออนไลน์	0
อันตราย	2
อันเป็น	2
อัลบั้ม	0
อ้างอิง	0
อาจารย์	3
อาเซียน	1
อาณาเขต	0
อาทิตย์	1
อิทธิพล	2
อินเดีย	1
อิสรภาพ	0
อิหร่าน	0
อุดมคติ	0
อุดหนุน	0
อุทกภัย	0
อุทธรณ์	0
อุปกรณ์	1
อุปการะ	0
อุปสรรค	1
แอฟริกา	0
ไอศกรีม	0
ฮอร์โมน	0
กรมพระยา	0
กรรมวาจก	0
กรรมาชีพ	0
กระทำการ	0
กระเทียม	0
กระเทือน	0
กลับกลาย	0
กลับบ้าน	1
กลายเป็น	4
กล่าวคือ	1
กล่าวถึง	2
กษัตริย์	1
กองกำลัง	0
ก่อนหน้า	0
ก่อสร้าง	1
กะทันหัน	0
การเมือง	5
การลงทุน	1
การศึกษา	6
ก้าวร้าว	0
ก้าวหน้า	1
กำหนดการ	0
กิโลกรัม	0
กิโลเมตร	0
เกื้อกูล	0
ข้อกำหนด	0
ข้อจำกัด	0
ข้อพิพาท	0
ข้อสงสัย	0
ข้อสัญญา	0
ข้างล่าง	0
ข้างหน้า	1
ข้างหลัง	0
ข้าพเจ้า	2
ขี้เกียจ	0
เข้มแข็ง	1
เข้าข้าง	0
เข้าเฝ้า	0
ครอบครอง	1
ครอบครัว	4
ครอบคลุม	0
ครุ่นคิด	0
คลี่คลาย	0
ความกลัว	0
ความเค้น	0
ความจริง	2
ความเร็ว	0
ความสนใจ	1
ความหมาย	3
ความหวัง	0
ค่อนข้าง	2
คัดเลือก	1
คาดการณ์	0
คำปรึกษา	0
คำร้องขอ	0
คำอธิบาย	0
คึกฤทธิ์	1
คุ้มครอง	1
คู่สัญญา	0
คู่หมั้น	0
งบประมาณ	2
เงินเฟ้อ	0
เงื่อนไข	2
จริงอยู่	0
จริยธรรม	1
จิตรกรรม	0
จิตวิทยา	0
จิตสำนึก	0
เจ็บป่วย	0
เจ้าหญิง	0
เจ้าหนี้	0
แจ้งความ	0
เฉพาะตัว	0
ชลประทาน	0
ช่องว่าง	0
ชั่วคราว	1
ชั่วร้าย	0
ชาตินิยม	0
ชายหนุ่ม	2
ชิ้นส่วน	0
เช่นนั้น	1
เชื่อถือ	0
เชื้อโรค	0
เชื้อสาย	0
เซ็นทรัล	0
ดอกเบี้ย	1
ดังกล่าว	8
ดั้งเดิม	0
ดับเพลิง	0
ด้านหน้า	0
ดาวเทียม	0
ดีเอ็นเอ	0
ดูเหมือน	1
เด็กหญิง	0
เดินหน้า	0
เดียวกัน	5
โดยเฉพาะ	4
ต่อไปนี้	1
ต่อเมื่อ	0
ตะวันออก	1
ตัดสินใจ	2
ตัวเดียว	0
ตัวอย่าง	4
ตัวอักษร	0
ต่างชาติ	0
ต่างด้าว	0
ตามลำพัง	0
ตื่นเต้น	1
แต่งตั้ง	2
แต่งหน้า	0
ถือโอกาส	0
แถลงข่าว	0
ทนายความ	0
ทรัพยากร	1
ท้องถิ่น	1
ทั้งนั้น	1
ทั้งสิ้น	1
ทั้งหลาย	2
ทางเลือก	1
ท่านหญิง	0
ท่ามกลาง	1
ที่ทำการ	0
ที่ระลึก	0
ที่สำคัญ	2
ทุ่มตลาด	0
เท่านั้น	6
เท่าไหร่	1
เทือกเขา	0
โทรทัศน์	1
โทรศัพท์	1
ธรรมชาติ	3
นราธิวาส	0
นวัตกรรม	0
นอกเหนือ	0
นักเขียน	0
นักเรียน	2
นักลงทุน	0
นักวิจัย	0
นักศึกษา	1
นั่งเล่น	0
นั่นแหละ	1
นั้นแหละ	0
น่าเชื่อ	0
นานาชาติ	0
นายแพทย์	0
นายอำเภอ	0
น้ำเสียง	1
นิดเดียว	0
นิดหน่อย	0
นิดหนึ่ง	0
นิติกรรม	2
นิวยอร์ก	0
เนื้อที่	0
โน้มน้าว	0
ในขณะที่	2
ในขณะนี้	0
ในที่สุด	0
บรรยากาศ	1
บริบูรณ์	0
บอกกล่าว	0
บ้านเกิด	0
บิดเบือน	0
บูรณาการ	0
แบบจำลอง	0
แบบอย่าง	0
ประจักษ์	0
ประจำตัว	0
ประชามติ	0
ประดิษฐ์	0
ประทับใจ	0
ประพันธ์	0
ประยุกต์	0
ประโยชน์	5
ประเสริฐ	0
ปรับปรุง	1
ปราบปราม	0
ปริญญาโท	0
ปลดปล่อย	0
ปล่อยตัว	0
ปัจจุบัน	5
เป็นกลาง	0
เป้าหมาย	2
แปลกหน้า	0
ไปรษณีย์	0
ผลตอบแทน	0
ผลสำเร็จ	0
ผ่อนคลาย	0
ผักตบชวา	0
ผู้กำกับ	0
ผู้เขียน	1
ผู้เยาว์	0
ผู้เรียน	0
ผู้สมัคร	0
เผด็จการ	0
ฝรั่งเศส	1
ฝ่ายค้าน	0
พงศาวดาร	0
พร้อมกับ	2
พระกรุณา	0
พระภิกษุ	0
พรุ่งนี้	1
พฤติกรรม	2
พฤหัสบดี	0
พันธบัตร	0
พันธมิตร	0
พิธีกรรม	0
พิษณุโลก	0
พื้นบ้าน	0
เพชรบุรี	0
เพราะว่า	1
เพาะปลูก	0
เพียงแค่	0
เพียงแต่	1
แพร่หลาย	0
โพรโทคอล	0
ฟ้องร้อง	0
ฟังก์ชัน	0
ภาคเหนือ	0
ภาคอีสาน	0
ภาพยนตร์	1
โภชนาการ	0
มหาสมุทร	0
มหาอำนาจ	0
มอบอำนาจ	0
มาเลเซีย	0
มิฉะนั้น	0
มิถุนายน	0
มุ่งมั่น	0
มุ่งหน้า	0
มุ่งหมาย	0
เมื่อกี้	0
เมืองไทย	2
ย้อนกลับ	0
ย้อนหลัง	0
ยากลำบาก	0
ยานพาหนะ	0
ยาเสพติด	0
ยิ่งใหญ่	1
ยิ้มแย้ม	0
ยืดหยุ่น	0
ยุติธรรม	1
ร้องเพลง	0
ระยะห่าง	0
รักษาการ	0
รังเกียจ	0
รัฐมนตรี	1
ราชสำนัก	0
ริมฝีปาก	0
เร่งด่วน	0
เริ่มต้น	1
เริ่มแรก	0
เรียกว่า	4
เรียงราย	0
เรียนรู้	2
เรื้อรัง	0
โรงไฟฟ้า	0
โรงเรียน	4
โรแมนติก	0
ล่วงหน้า	1
ลูกศิษย์	0
เล็กน้อย	1
เลี้ยงดู	0
เลียนแบบ	0
แล้วด้วย	0
วรรณกรรม	0
วัฒนธรรม	4
วัตถุดิบ	0
วาทศิลป์	0
วิกลจริต	0
วิทยาลัย	0
วินิจฉัย	1
วิปัสสนา	0
เวียดนาม	0
ไวยากรณ์	0
ไว้วางใจ	0
เศรษฐกิจ	7
ส่งเสริม	2
ส่งเสียง	0
สติปัญญา	0
สนับสนุน	3
สนุกสนาน	0
สมมติฐาน	0
สมรรถภาพ	0
สมัยก่อน	0
สมัยใหม่	1
สม่ำเสมอ	0
สรรพสิ่ง	0
สรรเสริญ	0
ส่วนกลาง	0
ส่วนร่วม	1
ส่วนใหญ่	3
สอดคล้อง	1
สักหน่อย	0
สั่งซื้อ	0
สันติภาพ	0
สัมพันธ์	4
สัมภาษณ์	3
สายอากาศ	0
สารสนเทศ	0
สำนักงาน	3
สิงคโปร์	0
สิ้นเชิง	0
สินเชื่อ	0
สุรินทร์	0
เสียก่อน	1
เสื้อผ้า	1
แสงสว่าง	0
หงุดหงิด	0
หน่วยงาน	2
หนักแน่น	0
หน้าต่าง	0
หน้าท้อง	0
หน้าร้าน	0
หมั่นไส้	0
หมายความ	2
หมายเหตุ	0
หมู่เกาะ	0
หมู่บ้าน	2
หลงเหลือ	0
หลักสูตร	1
หลากหลาย	1
หวั่นไหว	0
หวาดกลัว	0
ห้องสมุด	0
หัตถกรรม	0
หัวเมือง	0
หาเรื่อง	0
หุ้นส่วน	0
เห็นด้วย	1
เหล่านี้	4
อนุรักษ์	1
อนุสัญญา	0
อเมริกัน	1
อยู่จริง	0
ออกกำลัง	0
ออกซิเจน	0
ออกเสียง	1
อ่อนหวาน	0
อัธยาศัย	0
อัศจรรย์	0
อาณาจักร	0
อาณานิคม	0
อายุความ	0
อารยธรรม	0
อินเดียน	0
อิสราเอล	0
อีกหน่อย	0
อุณหภูมิ	0
อุตส่าห์	0
อุปถัมภ์	0
อุปนิสัย	0
เอาใจใส่	0
กฎกระทรวง	0
กระบวนการ	3
กระเบื้อง	0
กลั่นกรอง	0
ก็แล้วกัน	0
กว้างขวาง	1
กว้างใหญ่	0
กันและกัน	1
การบริการ	0
กำกับดูแล	0
เก็บรักษา	0
เกษตรกรรม	0
เกาหลีใต้	0
เกียรติยศ	0
เกี่ยวกับ	8
เกี่ยวพัน	0
ใกล้เคียง	1
ข้อบังคับ	1
ข้อยกเว้น	0
ข้อสังเกต	0
ข้างเคียง	0
ข้าราชการ	2
แข็งแกร่ง	0
ครั้งนั้น	0
ครัวเรือน	0
ครู่หนึ่ง	0
คล้ายคลึง	0
ความเชื่อ	1
ความพร้อม	0
ความสำคัญ	3
คอนเสิร์ต	0
ค่าเฉลี่ย	0
ค้ำประกัน	0
คำพิพากษา	1
คุณลักษณะ	0
คุณสมบัติ	1
เคร่งครัด	0
เครือข่าย	1
โครงสร้าง	2
ฆ่าตัวตาย	0
เงินเดือน	1
จดทะเบียน	1
จนกระทั่ง	1
จรรยาบรรณ	0
จักรพรรดิ	0
จำกัดความ	0
จินตนาการ	0
เจตนารมณ์	0
เจ้าพระยา	0
เจ้าหล่อน	0
เฉพาะหน้า	0
ช่วยเหลือ	3
ชีวิตชีวา	0
ชื่อเสียง	1
เช่นเดียว	1
เชี่ยวชาญ	0
เชื้อชาติ	0
เชื่อมโยง	1
เชื่อมั่น	1
ซื่อสัตย์	0
เซนติเมตร	0
ดวงจันทร์	0
ดำเนินการ	4
ดำเนินคดี	0
ดำเนินงาน	1
ดำรงชีวิต	0
ดีไซเนอร์	0
เดี๋ยวนี้	1
เดือดร้อน	1
โดดเดี่ยว	0
โดยทั่วไป	1
ได้เปรียบ	0
ต่อเนื่อง	1
ตึงเครียด	0
เตรียมตัว	0
ถึงแม้ว่า	0
ทรัพย์สิน	2
ทำมาหากิน	0
ทำหน้าที่	2
ที่ปรึกษา	1
ที่ผ่านมา	2
ทุกวันนี้	1
เทคโนโลยี	2
เท่าเทียม	0
เทียบเท่า	0
ธรรมเนียม	0
นอกจากนี้	2
นักกฎหมาย	0
นักธุรกิจ	0
นันทนาการ	0
นิติบุคคล	0
นิทรรศการ	0
เนื่องจาก	5
ในขณะนั้น	0
บทบัญญัติ	1
บรรทัดฐาน	0
บรรพบุรุษ	0
บริสุทธิ์	0
บริหารงาน	0
บ้านเมือง	1
บ้านเรือน	0
บุคลิกภาพ	0
เบี่ยงเบน	0
เบื้องต้น	1
แบบสอบถาม	0
ปฏิกิริยา	0
ประกอบการ	1
ประกันภัย	0
ประชาชาติ	0
ประเมินผล	0
ประสานงาน	0
ประสิทธิ์	0
ประหลาดใจ	0
ปริญญาตรี	0
เป็นต้นไป	0
เป็นต้นมา	0
เปลี่ยนใจ	0
โปรดเกล้า	0
ผลิตภัณฑ์	1
ผู้จัดการ	1
ผู้โดยสาร	0
ผู้ต้องหา	0
ผู้บริโภค	1
ผู้บริหาร	1
ผู้ปกครอง	1
ผู้ส่งออก	0
เผชิญหน้า	0
พร้อมทั้ง	0
พระจันทร์	0
พระราชทาน	0
พระราชวัง	0
พฤติการณ์	0
พฤศจิกายน	0
พันธุกรรม	0
พินัยกรรม	0
พี่เลี้ยง	0
พื้นเมือง	0
พุทธศาสนา	1
เพิ่มเติม	1
เพื่อนฝูง	0
โพธิสัตว์	0
ภาคภูมิใจ	0
ภาพลักษณ์	0
ภูมิปัญญา	0
ภูมิลำเนา	0
มนุษยชาติ	0
มหัศจรรย์	0
เมืองหลวง	0
เมื่อไหร่	1
ยอดเยี่ยม	0
ร้องทุกข์	0
ร้องเรียน	0
รัฐศาสตร์	0
รับประทาน	1
รับผิดชอบ	1
รับราชการ	0
ราชโองการ	0
รุ่งเรือง	0
เรียกร้อง	1
เรียบร้อย	2
เรื่องราว	1
โรงพยาบาล	1
ลงทะเบียน	0
ลายลักษณ์	0
ลิขสิทธิ์	0
เลขาธิการ	1
เลขานุการ	0
เล่าเรียน	0
เลือกตั้ง	1
ว่างเปล่า	0
วิเคราะห์	3
วิตกกังวล	0
วิถีชีวิต	0
ศักดิ์ศรี	0
ศูนย์กลาง	1
สงครามโลก	0
สงเคราะห์	0
สถานการณ์	2
สนธิสัญญา	0
สภาพการณ์	0
สมานฉันท์	0
สวัสดิการ	0
สังคมนิยม	0
สัญชาตญาณ	0
สัญลักษณ์	1
สันนิษฐาน	0
สาธารณรัฐ	0
สาธารณสุข	0
สายการบิน	0
สำเร็จรูป	0
สิทธิบัตร	0
สินทรัพย์	0
สืบเนื่อง	0
สื่อมวลชน	1
เสถียรภาพ	0
เส้นเลือด	0
เสร็จสิ้น	0
หน้าตาเฉย	0
หมุนเวียน	0
หลอดเลือด	0
หลักเกณฑ์	1
ห้องเรียน	0
เหตุการณ์	3
เหมือนกับ	1
เหรียญทอง	0
เหล่านั้น	1
เหลือเกิน	1
อธิการบดี	0
อภิสิทธิ์	0
อย่างเช่น	0
อย่างน้อย	1
อย่างยิ่ง	2
ออมทรัพย์	0
อัตโนมัติ	0
อัตราส่วน	0
อาชญากรรม	0
อาสาสมัคร	0
อุดมการณ์	0
อุดมศึกษา	0
เอกลักษณ์	0
เอาเปรียบ	0
เอาเรื่อง	0
แอลกอฮอล์	0
กฎหมายแพ่ง	1
กรมศิลปากร	0
กรรมสิทธิ์	0
กรรมาธิการ	0
กล้ามเนื้อ	0
ก๋วยเตี๋ยว	0
ก่อให้เกิด	1
กุญแจเสียง	0
กุมภาพันธ์	0
เก็บเกี่ยว	0
เกี่ยวข้อง	3
ข้อเสนอแนะ	0
ขับเคลื่อน	0
ข้าวเหนียว	0
คณะกรรมการ	5
คณิตศาสตร์	0
ความเครียด	0
ความจริงใจ	0
ความพยายาม	0
ความมั่นใจ	0
ความรุนแรง	0
ความรู้สึก	4
ความสามารถ	2
ความสำเร็จ	1
คะแนนเสียง	0
ค่าใช้จ่าย	1
ค้าประเวณี	0
ค่าเสียหาย	0
เครื่องใช้	0
เครื่องบิน	1
เครื่องแบบ	0
เครื่องมือ	1
เคลื่อนที่	0
เคลื่อนไหว	1
จงรักภักดี	0
จุดประสงค์	0
จุฬาลงกรณ์	0
เฉียงเหนือ	0
ชนชั้นกลาง	0
ชาติพันธุ์	0
เชื้อเพลิง	0
ดวงอาทิตย์	0
ดาวเคราะห์	0
ตรงกันข้าม	0
ตรงไปตรงมา	0
ต่อจากนั้น	0
ต่างประเทศ	3
แต่อย่างใด	1
ท่องเที่ยว	1
ทอดพระเนตร	0
ธรรมศาสตร์	0
นอกจากนั้น	1
นักวิชาการ	0
นับตั้งแต่	0
น่าเสียดาย	0
นิติศาสตร์	0
นิวเคลียร์	0
เนื้อเยื่อ	0
เนื้อสัตว์	0
บรรณาธิการ	0
เบียดเบียน	0
เบื้องหน้า	0
เบื้องหลัง	0
เบื่อหน่าย	0
ใบขนสินค้า	0
ปฏิบัติการ	1
ปฏิบัติงาน	1
ประกอบด้วย	2
ประจำเดือน	0
ประถมศึกษา	0
ประเทศชาติ	0
ประสบการณ์	2
ปรากฏการณ์	1
ปิโตรเลียม	0
ปีงบประมาณ	0
เป็นอันขาด	0
เป็นอันมาก	0
แปรเปลี่ยน	0
ผลประโยชน์	1
ผู้ถือหุ้น	0
ผู้เสียหาย	0
แผ่นดินไหว	0
พระเกียรติ	0
พระนางเจ้า	0
พระพุทธรูป	0
พระราชดำริ	0
พระราชพิธี	0
พิพิธภัณฑ์	0
พุทธศักราช	0
เพลิดเพลิน	0
เพื่อนบ้าน	0
ฟิลิปปินส์	1
ภาษาศาสตร์	0
ภูมิศาสตร์	0
มัธยมศึกษา	0
แม้กระทั่ง	0
ยุทธศาสตร์	0
ระมัดระวัง	0
รัฐธรรมนูญ	2
รายละเอียด	2
เรียบเรียง	0
เรื่องสั้น	0
ลายมือชื่อ	0
เลยทีเดียว	0
แลกเปลี่ยน	1
วิกฤตการณ์	0
วิวัฒนาการ	0
ศึกษาธิการ	0
สงครามเย็น	0
สมบูรณ์แบบ	0
สร้างสรรค์	1
สังเคราะห์	0
สัมพันธภาพ	0
สี่เหลี่ยม	0
สุวรรณภูมิ	0
เสริมสร้าง	0
เสียเปรียบ	0
เสื่อมโทรม	0
แสงอาทิตย์	0
หลักทรัพย์	0
หลักประกัน	0
หลีกเลี่ยง	1
เหมือนเดิม	0
องค์ประกอบ	1
อนุกรรมการ	0
ออสเตรเลีย	0
อุตสาหกรรม	2
อุบัติเหตุ	0
ก่อนหน้านี้	0
เกาหลีเหนือ	0
ขณะเดียวกัน	1
ข้อเท็จจริง	1
ขั้นพื้นฐาน	0
ขึ้นอยู่กับ	1
คณะรัฐมนตรี	1
ความขัดแย้ง	1
ความต้องการ	2
ความถูกต้อง	0
ความร่วมมือ	1
ความเสียหาย	1
คอมพิวเตอร์	1
คอมมิวนิสต์	1
เครื่องจักร	0
เครื่องดื่ม	0
เครื่องปรุง	0
เครื่องยนต์	0
เครื่องหมาย	1
เคลื่อนย้าย	0
จุดมุ่งหมาย	0
จุดเริ่มต้น	0
เจ้าพนักงาน	0
เจ้าหน้าที่	3
เจ้าอยู่หัว	0
ชาวต่างชาติ	0
ด้วยเหตุนี้	0
โดยสิ้นเชิง	0
ต่างจังหวัด	0
เตรียมพร้อม	0
นักการเมือง	1
นักจิตวิทยา	0
นิติบัญญัติ	0
เนื่องมาจาก	0
เนื้อเรื่อง	0
บังคับบัญชา	0
บุตรบุญธรรม	0
ปฏิบัติธรรม	0
ปฏิสัมพันธ์	0
ประชาธิปไตย	1
ประสิทธิภาพ	2
ปัจเจกบุคคล	0
เปรียบเทียบ	2
เปลี่ยนแปลง	4
เปอร์เซ็นต์	0
ผู้บัญชาการ	0
ผู้สื่อข่าว	0
ผู้ใหญ่บ้าน	0
ผู้อำนวยการ	1
พระพุทธเจ้า	1
พระพุทธองค์	0
พระราชกำหนด	0
พระองค์เจ้า	0
เพราะฉะนั้น	1
ภาคตะวันออก	0
ภาษีเงินได้	0
มหาวิทยาลัย	3
มอเตอร์ไซค์	0
มานุษยวิทยา	0
รัฐวิสาหกิจ	0
ราชอาณาจักร	1
ละเอียดอ่อน	0
วิทยาศาสตร์	1
ศาสตราจารย์	0
ศูนย์การค้า	0
เศรษฐศาสตร์	1
สถาปัตยกรรม	0
สภาพแวดล้อม	0
สลับซับซ้อน	0
ส่วนภูมิภาค	0
สหประชาชาติ	0
สังคมศาสตร์	0
สิ่งมีชีวิต	0
สิ่งแวดล้อม	2
หลังจากนั้น	1
หัวหน้าพรรค	0
อย่างไรก็ดี	0
ออกกำลังกาย	0
อินโดนีเซีย	0
อุดมสมบูรณ์	0
กระตือรือร้น	0
การเลือกตั้ง	1
เกี่ยวเนื่อง	0
ข้อเรียกร้อง	0
ความเป็นจริง	1
ความยุติธรรม	0
ค่าธรรมเนียม	0
เครื่องดนตรี	0
เครื่องสำอาง	0
จะเห็นได้ว่า	0
ที่อยู่อาศัย	0
นายกรัฐมนตรี	2
ประชาธิปัตย์	1
ประธานาธิบดี	1
ประมวลกฎหมาย	0
เปรียบเสมือน	0
ผู้เชี่ยวชาญ	0
ผู้ประกอบการ	0
ผู้รับผิดชอบ	0
ผู้ว่าราชการ	0
พรรคการเมือง	1
พระบาทสมเด็จ	0
พระพุทธศาสนา	0
พระราชนิพนธ์	0
เฟอร์นิเจอร์	0
รัตนโกสินทร์	0
วัตถุประสงค์	1
ศักดิ์สิทธิ์	0
ส่วนท้องถิ่น	0
สหรัฐอเมริกา	1
สิทธิมนุษยชน	0
สื่อสารมวลชน	0
หนังสือพิมพ์	1
อย่างไรก็ตาม	2
อินเทอร์เน็ต	0
คณะกรรมาธิการ	0
ความรับผิดชอบ	0
เครื่องประดับ	0
ธนาคารพาณิชย์	0
นักท่องเที่ยว	0
ในขณะเดียวกัน	0
ประชาสัมพันธ์	0
ประวัติศาสตร์	2
เป็นอย่างยิ่ง	0
ผู้ปฏิบัติงาน	0
พนักงานสอบสวน	0
พนักงานอัยการ	0
พระราชกฤษฎีกา	0
พระราชบัญญัติ	2
การเรียนการสอน	0
เกษตรและสหกรณ์	0
ความเคลื่อนไหว	0
โทรศัพท์มือถือ	0
นักวิทยาศาสตร์	0
ผู้บังคับบัญชา	0
พระมหากษัตริย์	1
รัฐมนตรีว่าการ	0
วิพากษ์วิจารณ์	0
สภาผู้แทนราษฎร	0
ห้างสรรพสินค้า	0
อิเล็กทรอนิกส์	0
คนไร้ความสามารถ	0
แต่อย่างไรก็ตาม	0
ทุกสิ่งทุกอย่าง	0
รองนายกรัฐมนตรี	0
ราชกิจจานุเบกษา	0
อสังหาริมทรัพย์	0
ทรัพยากรธรรมชาติ	0
สยามบรมราชกุมารี	0
พนักงานเจ้าหน้าที่	0
สมบูรณาญาสิทธิราชย์	0
เอเชียตะวันออกเฉียงใต้	0
สมเด็จพระเทพรัตนราชสุดา	0
พระจุลจอมเกล้าเจ้าอยู่หัว	0
พระบาทสมเด็จพระเจ้าอยู่หัว	0
