ba	1
ca	1
cc
ad
be	120
bê	2
cd
Ag
CH
ai	3
bi	2
AK
Al
Cl
am	127
an	1
ao	1
bo	3
bô	2
bơ	1
cm
cn
co	3
cô	206
cơ	215
âm	1
ân	145
ăm	76
ăn	204
Ar
As
BS
Br
Cr
cp
cs
au	78
bu	2
bư	92
ct
cu	2
cư	2
âu	132
ay
cy
da	2
fa
đa	1
Fe
de	1
dê	2
đe	1
đê	2
di	1
fi
đi	215
el
do	211
dô	83
dơ	100
em	204
en	101
eo	134
êm	2
ên
đo	1
đô	2
đơ	114
dt
du	1
dư	2
eV
fu
êu	30
đt
đu	3
Dy
ga	3
gb
ha	164
ic
Ge
hd
he	3
hê	1
II
gg
gi	2
hg
hi	3
HK	97
go	121
gô	105
gơ	75
ho	2
hô	1
hơ	121
im	140
in	3
gr
gs
gu	110
ht
hu	1
hư	3
it
iu	75
Hz
hy	2
ka	69
kb
la	2
lc
ke	2
kê	1
le	2
lê	1
kg
ki	2
li	1
Kơ
km
ko
lo	1
lô	3
lơ	1
Ku
kt
lu	120
lư	123
kw
ky
ly	2
m-
ma	1
mb
mc
na	1
oa	1
me	1
mê	1
ne	86
nê	115
nđ
oe	1
Mg
mi	3
ni	2
oi	107
ôi	1
ơi	2
ml
ok
Mn
On
mm
mo	120
mô	1
mơ	2
no	148
nô	1
nơ	1
om	101
ôm	2
ôn	145
ơn	3
mp
nq
mt
mu	1
nt
nu
nư	115
My
oz
Pb
Sb
pa	85
pc
ra	228
sa	3
pe	50
pê	47
qđ
re	108
rê	106
se	3
sê	81
ph
pi	76
qh
ri	1
si	2
Sn
pô	1
pơ	71
ro	1
rô	2
rơ	95
so	1
sô	139
sơ	1
qs
Pt
Pu	50
ru	117
rư	84
st
su	3
sư	3
sx
ta	207
tb
ua
ub
va	2
ưa	153
te	2
tê	2
ve	2
vê	138
th
ti	3
ui
vi	1
tl
VN	158
to	1
tô	1
tơ	1
um	1
un	75
vo	119
vô	3
vơ	1
tp	3
tr
ts
vp
TV	141
tt
tu	2
tư	207
vu	3
ưu	178
Vy
tw
ty	201
uy	3
Ya
Za
xa	2
xe	201
xê	106
yd
Wh
Wi
xi	3
Zn
xn
xo	111
xô	132
xơ	1
yô
zơ
xu	2
Xy
-rô
BBC
Băc
abc	110
acc
ác
bá
cá
ắc
bà
cà
ái
bai	1
bả
bch
cai	3
cả
bã
cal
ám
án
áo
bam
ban	1
bao	202
bạ
bân	47
băm	2
băn	134
cam	3
can	3
cao	215
cạ
câm	109
cân	2
căm	120
căn	3
ấm
ấn
áp
bar
ấp
ắp
BCT
Bau
át
bâu	59
cau	1
câu	1
ất
ấu
ắt
áy
bay	1
bây	3
cay	3
cây	1
ấy
bé
bế
bè
bề
bẻ
bể
adj
bẽ
bễ
ADN
ào
bem	33
ben	94
beo	1
bẹ
bfn
bên	1
bệ
ceo
ầm
adv
bêu	87
ầu
ầy
bia	1
bí
cha	3
bgđ
bì
che	1
chê	1
cif
Bih
ải
big
bỉ
chi	2
bĩ
Chô
ảm
ảo
bim
bin	1
bị
cho	240
chơ	1
ẩm
ẩn
bis
bit
chu	1
chư	141
ẩu
ẩy
clb
Blô
alô
clo
ẫm
ẵm
blu
cô-
CNC
boa
bó
bố
bớ
có
cố
cớ
ậc
ặc
and
bò
bồ
bờ
cò
cồ
cờ
ang	64
anh	209
boi
bỏ
bôi	134
bổ
bơi	1
bở
coi	3
cỏ
côi	2
cổ
cơi	80
ăng	85
Bok
Col
bõ
bỗ
bỡ
cỗ
cỡ
ạo
bom	1
bon	1
bọ
bôm	41
bôn	97
bộ
bơm	141
bơn	1
bợ
com	91
con	217
cọ
côm	39
côn	140
cộ
cơm	2
cơn	164
ậm
Cor
cos
ập
ặp
ạt
cmt
cot
ậu
box
cra
are
API
Bru
cpu
bua	72
bú
bưa	13
bứ
cua	1
cú
cưa	1
cứ
bù
bừ
cù
cừ
Bui
bủ
cui	83
củ
cử
ATK
Cul
cũ
cữ
Bun
atm
bum
bụ
bự
cum	67
cun	53
cụ
cự
Cur
bưu	3
cưu	93
cty
bxl
dá
éc
đá
dà
đà
dai	2
dả
đai	3
đả
dã
Đăk
đã
dam	82
dan	2
dao	1
dạ
dâm	1
dân	217
dăm	109
dăn	30
ém
én
éo
ếm
Đạ
đam	149
đan	1
đao	126
đâm	3
đăm	2
ép
ếp
dâu	1
ét
êcu
đau	2
đâu	3
day	116
dây	2
fax
đay	1
đây	208
dé
dế
đé
đế
dè
dề
đè
đề
dẻ
dể
Đêh
đẻ
để
dẽ
dễ
đẽ
đễ
den
deo	60
dên
dệ
èo
đem	2
đen	2
đeo	2
đêm	2
đên	88
đệ
đêu	46
dí
đí
dì
đì
dỉ
đỉ
dĩ
đĩ
Din
dim	75
dị
ẻn
ẻo
đin	61
Đip
diu
điu
eke
êke
ẽo
flo
ĐKZ
FOB
doa	63
dó
dớ
ẹc
đó
đố
đớ
dò
dồ
dờ
đò
đồ
đờ
doi	3
dỏ
dôi	87
dơi	111
dở
eng	39
đoi	36
đỏ
đôi	3
đổ
dol
dỗ
dỡ
đõ
đỗ
đỡ
Dơn
dom	43
don	89
dọ
dợ
ẹo
ện
đom	85
đon	70
đọ
đôm	36
đôn	123
độ
đơm	88
đơn	202
đợ
ẹp
ệp
ẹt
ệt
đph
dua	88
dưa	136
dứ
eta
êta
đua	1
đú
đưa	1
đứ
dù
dvd
dừ
ete
ête
đù
đừ
dử
đui	55
đủ
đử
dũ
dữ
dun	46
dụ
dự
eto
êtô
đum	1
đun	2
đụ
Đup
fut
duy	3
fuy
dyn
gá
há
gà
hà
gai	1
gả
hai	211
hả
iai
gã
HCM	1
gam	136
gan	3
gao	100
gạ
gâm	1
gân	3
găm	100
găn	41
ham	140
han	2
hao	2
hạ
hâm	150
hân	120
hăm	105
ín
Gar
gas
gau	21
gâu	1
hau	68
hâu	79
ít
gay	134
gây	3
hay	207
hây	1
hec
hé
hè
hề
hdi
hẻ
hể
hễ
gen	142
hem	69
hen	115
heo	2
hẹ
hên	84
hệ
ìn
GDP
gia	220
gí
hia	54
hí
ỉa
GIF	84
ghe	117
ghê	124
gie
giê	1
gì
hì
ghi	3
gỉ
hỉ
gĩ
hĩ
gin
gio	98
giô	86
giơ	131
him	50
hin
hị
ỉm
ỉn
gip	13
hip
Giư
HIV
giu	107
hiu	1
ỉu
glô
HlV
hoa	1
hoc
hó
hố
hớ
gò
gồ
gờ
hoe	2
hò
hồ
hờ
iod
gổ
gở
hoi	2
hỏ
hôi	1
hổ
hơi	1
hở
inh	84
gõ
gỗ
gỡ
hỗ
hỡ
gom	135
gon	59
gọ
gôm	72
gôn	92
gộ
hom	1
hon	2
họ
hôm	2
hôn	3
hộ
hơn	220
ion
ịn
GNP
hop
GMT
Hmu
iot
ịt
IRC
Hrê
iso
gps
isp
hua	44
hú
hứ
gù
gừ
huê	70
hù
hừ
hui
hủ
hử
hũ
hữ
gụ
hum	56
hun	105
huơ	2
hụ
hự
hưu	3
htx
huy	2
hý
iý
hỷ
lá
là
lai	2
lả
lã
lam	1
lan	1
lao	1
lạ
lâm	1
lân	141
lăm	2
lăn	2
kcs
lâp
lat
lau	1
lâu	3
Kay
jaz
lay	3
lây	2
ké
kế
lé
kde
kè
kề
lè
lề
kẻ
kể
lei
lẻ
lể
kẽ
lek
lẽ
lễ
kem	2
ken	79
keo	3
kẹ
kên
kệ
lem	2
len	134
leo	3
lẹ
lên	211
lệ
kêu	3
leu
lev
lêu	74
kha	136
kia	2
kí
lia	3
lí
khe	3
khê	93
kì
lie
lì
khi	229
kỉ
kĩ
lĩ
jin
kho	1
khô	1
khơ	85
kim	1
kin
kị
lim	105
lin	44
lị
LHQ	113
kip
khu	202
khư	1
liu	105
loa	142
ló
lố
lớ
kò
loe	83
lò
lồ
lờ
Kơi
log
loi	99
lôi	1
lổ
lơi	92
lở
lõ
lỗ
lỡ
Kôn
Lôn
lom	2
lon	112
lọ
lôm	54
lộ
lơn	81
lợ
Jor
Kpă
Kre
lua	73
lú
lưa
lưc
lứ
lù
lừ
lui	3
lủ
lử
lũ
lữ
jun
lum	61
lụ
lự
ktt
lưu	2
KTy
luy
ký
lý
kỳ
lỳ
kỷ
Lỹ
kỹ
kỵ
lỵ
má
ná
óc
ốc
mà
nà
oà
óe
mai	2
mả
nai	2
nả
oai	3
ói
ối
ới
Măk
mã
nã
man	3
mao	105
mạ
mâm	126
mân	69
măm	1
măn	43
nam	1
nan	2
nao	3
nạ
nâm
nân	39
năm	236
năn	108
oan	132
oăm	82
oăn
ốm
ớm
ớn
Mâp
ncs
óp
ốp
mau	132
mâu	141
nau	50
nâu	1
ót
ốt
ớt
may	1
mây	3
nay	207
nây	43
mé
mế
né
oda
oé
òa
mè
mề
nè
nề
mẻ
mể
nẻ
nể
oẻ
òi
ồi
ời
Nễ
mẽ
mễ
mem	84
men	1
meo	1
mẹ
mên	49
mệ
nem	1
nen	94
neo	2
nẹ
nêm	122
nên	213
nệ
oeo
oẹ
òm
òn
ồm
ồn
ờn
MeV
nêu	161
new
Ní
mia	26
mí
nga	3
nha	2
nia	76
ỏc
mì
nhe	1
nì
ỏe
mỉ
ngh
nhi	1
nỉ
ỏi
ổi
mĩ
mim	21
min	79
mị
ngo
ngô	2
ngơ	1
nho	142
nhô	121
nhơ	1
nin	66
nị
ohm
ỏm
ỏn
ổm
ổn
ởn
miu
ngu	124
ngư	2
nhu	2
như	226
niu	101
ôkê
ỡm
moa
mó
mố
mớ
noa	33
nó
nố
nớ
ọc
ộc
mò
mồ
mờ
nò
nồ
nờ
ọe
moi	2
mỏ
môi	2
mổ
mơi	58
mở
noi	3
nỏ
nôi	115
nổ
nơi	2
nở
ong	3
ọi
ông	216
ợi
Mol
mõ
mỗ
mỡ
nõ
nỗ
nỡ
mom	55
mon	92
mọ
môm	30
môn	2
mộ
mơm
mơn	94
mợ
nom	105
non	2
nọ
nôm	98
nôn	1
nộ
nơm	81
nợ
ộn
ọp
ộp
Môt
ọt
ợt
MPs
Nú
mua	1
mú
mưa	1
nua	98
nưa	58
mù
mui	102
mủ
mử
nui
nử
mũ
nữ
mum	13
mun	82
mụ
mự
num
nụ
nự
ôtô
mưu	2
muy
nuy
nxb
mỳ
oxi
ôxi
mỹ
mỵ
oxy
ôxy
Păc
rá
sá
Pà
rà
sà
Pai
Pả
Păh
rai	88
rả
sai	3
sả
Păk
rã
sã
Pạ
SCN
pan	61
pao	72
pân
ram	91
ran	2
rao	2
rạ
râm	110
rân	1
răm	92
răn	115
sam	99
san	2
sao	1
sạ
sâm	128
sân	2
săm	91
săn	1
rap
Pâu
rau	2
râu	2
sau	217
sâu	3
ray	116
rây	87
say	1
sây	50
pda
pé
ré
rế
PDF	107
rè
rề
sè
sề
sđd
Pẻ
rẻ
rể
sẻ
sể
rẽ
rễ
sẽ
sễ
Pen
rem
ren	122
reo	2
rêm
rên	95
rệ
sen	2
seo	106
sẹ
sên	101
sệ
rêu	114
sêu	36
sex
pha	2
ria	88
rí
sia
sic
sí
phe	147
phê	1
rì
sì
phi	3
rỉ
sỉ
rĩ
sgk
sĩ
pho	131
phô	133
phơ	87
pin	1
rho
rim	81
rin	39
rị
sim	132
sin	89
sị
pgs
phu	1
riu	1
siu	26
sô-
pó
pố
roa	21
ró
rớ
soa	80
số
sớ
Pờ
rò
rồ
rờ
sò
sồ
sờ
PNG	71
Roh
roi	2
rỏ
rổ
rơi	1
rở
soi	3
sỏ
sôi	1
sổ
sở
rõ
rỗ
rỡ
sol
sỗ
sỡ
pom	21
rom	79
ron
rọ
rôm	99
rôn
rộ
rơm	2
rơn	54
rợ
som
son	2
sọ
sôn
sộ
sơm	43
sơn	3
sợ
pop
sos
spa
psi
Pú
pua
qua	212
rua	76
rú
rưa	26
rứ
sua
sú
sưa	115
sứ
Ruê
que	3
quê	1
rù
rừ
suê	61
sù
Pui
Sủ
qui
rui
rủ
sui	67
sử
rũ
pun
quơ	82
rum	77
run	2
rụ
sum	3
sun	60
sụ
sự
pts
STT
sưu	150
quy	2
ruy
suy	3
Sỹ
tá
úa
úc
vac
vá
ứa
ức
tà
và
vcd
tai	1
tả
úi
vai	1
vả
tã
vã
TCN
tam	2
tan	1
tao	3
tạ
tâm	207
tân	1
tăm	2
tăn	88
úm
vam
van	2
vao	1
vạ
vâm	33
vân	3
văn	202
Uar
tâp
úp
tau
tbt
tâu	2
út
vat
tay	1
tây	3
úy
vay	2
vây	2
té
tế
uế
ùa
vé
vế
tè
tề
tđd
vè
về
tẻ
tể
uể
vẻ
tel
tẽ
tễ
vẽ
tem	1
ten	1
teo	1
têm	70
tên	202
tệ
ùm
ùn
ven	3
veo	95
vên	1
vệ
ter
têt	13
têu	46
vêu	30
vđv
tha	1
tia	1
tí
ủa
via
ví
tgđ
the	2
thê	1
tì
vie
vì
thi	204
tỉ
ủi
vỉ
tĩ
vĩ
tho	106
thô	3
thơ	2
tim	1
tin	209
tị
ủn
vin
vị
vip
thu	203
thư	1
tiu	59
ủy
vks
toa	131
tó
tố
tớ
ụa
ục
vó
vố
vớ
ựa
ực
toe	2
tò
tồ
tờ
vò
vồ
vờ
Tở
VNI	73
toi	109
tỏ
tôi	214
tổ
tơi	3
ung	3
uở
voi	1
vỏ
vôi	132
vổ
vơi	113
vở
ưng	126
ươi	1
võ
vỗ
vỡ
Tọ
Umo
tom	61
ton	89
tôm	2
tôn	2
tộ
tơn
tợ
uôm	43
vom
von	1
vọ
vôn	73
vợ
ươm	118
ươn	75
top
ụp
ụt
Tr'
tra	1
tre	1
trê	90
urê
usd
tri	2
url	108
tro	3
trô	92
trơ	127
ups
tru	115
tua	1
tú
tưa	67
tứ
vua	2
vú
tù
từ
vù
tui	2
tủ
tử
vui	1
TTL
vũ
tum	76
tun	36
tụ
tự
vun	111
vụ
tts
VTV
vưu	43
tuy	170
tý
uý
tỳ
tỷ
uỷ
Vỹ
tỵ
y-a
xá
xà
xả
xã
xam	50
xan	51
xao	3
xạ
xâm	3
xăm	129
xăn	30
xâu	106
xay	1
xây	3
web	1
xé
xế
xè
xề
xẻ
xể
Yêm
xem	3
xen	1
xeo	44
xẹ
xên	33
xệ
yen
yên	3
xêu	13
yêu	203
xia	21
xí
xì
xỉ
Win
xim	75
xin	3
xị
xit	41
xoa	1
xó
xố
xớ
xoe	75
xồ
xờ
xoi	65
xỏ
xôi	1
xổ
xơi	3
xở
xml
xnk
xỡ
won
xom	33
xon	46
xọ
xôm	66
xôn	121
xơm	30
xơn	30
yôn
Xrê
xua	122
xú
xưa	164
xứ
xte
xuê	78
xù
xừ
xui	1
xủ
xử
xũ
Yun
xum	78
xun
xụ
xự
xuy	59
a-đa
a-ga
A-la	1
a-lê	1
a-lô	1
a-mi
a-vi
bác
bấc
bắc
các
cấc
cắc
ách
bái
cái
bám
bán
báo
bấm
bấn
bắn
cám
cán
cáo
cấm
cấn
cắm
cắn
báp
bấp
bắp
cáp
cấp
cắp
bát
báu
bất
bấu
bắt
cát
cáu
cất
cấu
cắt
Báy
bấy
cáy
cấy
cafe
cafê
bài
cài
Abel
bàm
bàn
bào
bầm
bần
bằm
bằn
càm
càn
cào
cầm
cần
cằm
cằn
bàu
bầu
càu
cầu
bày
bầy
cày
cầy
acid
bải
cải
bản
bảo
bẩm
bẩn
bẳm
bẳn
cảm
cản
cảo
cẩm
cẩn
cẳn
baht
bảu
bẩu
cảu
cẩu
bảy
bẩy
cảy
cẩy
balê
bãi
cãi
balô
bão
bẫm
bẫn
bẵm
calo
calô
cẫm
cẫn
Cẫu
bẫy
Ấn-
bạc
bậc
bặc
cạc
cặc
áng
ánh
bang	3
banh	104
bại
bâng	92
băng	1
cang
canh	1
cại
câng	1
căng	2
ắng
bạm
bạn
bạo
bậm
bận
bặm
bặn
canô
cạm
cạn
cạo
cậm
cận
cặm
cặn
bạp
bập
bặp
cạp
cập
cặp
bạt
bạu
bật
bậu
bặt
cạt
cạu
cật
cậu
cặt
bậy
cạy
cậy
basa
cara
acre
base
card
cari
barơ
carô
bata
batê
cave
bazơ
béc
bén
béo
bến
bép
bếp
bét
bết
bếu
cedi
bèm
bèn
bèo
bền
bều
bẻm
bẻo
bển
bẽn
bẽo
ành
beng	1
bênh	2
ầng
ằng
bẹn
bẹo
bện
bẹp
bệp
bẹt
bệt
bệu
bêrê
adsl
beta
bêta
bi-a	69
CHCC
chá
chà
chai	1
chả
chã
Cham
bím
bín
chan	113
chao	3
chạ
châm	144
chân	1
chăm	2
chăn	3
agar
bíp
bít
bíu
chat
chau	89
châu	3
cít
chay	131
chây	81
CHDC
bida
bìa
ché
chế
chè
chề
chẻ
chẽ
biên	3
bìm
chem	64
chen	1
cheo	2
chẹ
chêm	69
chên
chệ
AIDS
Biêt
biêu
bìu
chêu
chia	1
chí
chì
chỉ
Chil
bỉm
chim	1
chin
chị
chip
bỉu
chiu	93
bĩu
bịa
choa
chó
chớ
choe
chò
chồ
chờ
ảng
ảnh
binh	1
choi	1
chỏ
chơi	2
chở
ẩng
ẳng
chõ
chỗ
Chom
bịn
chon
chọ
chôm	1
chôn	3
chộ
chơm	30
chơn	62
chợ
bios
bịp
bịt
bịu
birr
chua	3
chú
chưa	201
chứ
chù
chừ
Chử
chui	3
chủ
chữ
chum	94
chun	89
chưn	41
BHXH
BHYT
blâu
bloc
bóc
bốc
coca
cóc
côca
cốc
ạch
bói
bối
bới
cói
cối
bón
bốn
bớn
cóm
cón
cốm
cốn
cớm
cớn
bóp
bốp
bớp
cóp
cốp
bót
bốt
bớt
cót
cốt
cớt
âớu
bôđê
bòi
bồi
bời
còi
cồi
cời
amen
bòm
bòn
bồm
bồn
bờm
bờn
còm
còn
cồm
cồn
cờn
amib
Aỏi
bỏi
bổi
bởi
cỏi
cổi
cởi
Aỏn
amin
bỏm
bỏn
bổn
cỏm
cỏn
cổn
amip
âởu
cơlê
cõi
cỗi
cỡi
bõm
bỗm
bỡn
cõm
cỡm
cỡn
bọc
bộc
cọc
cộc
anod
ạnh
bong	1
bông	1
bội
cong	1
cọi
công	230
cội
ậng
bọn
bộn
bợm
bợn
cọm
cọn
cộm
cộn
cợm
cợn
bọp
bộp
bợp
cọp
cộp
cợp
anot
bọt
bột
bợt
cọt
cột
cợt
ampe
CNTB
cota
côve
Cour
CNXH
Brao
Brâu
csdl
asen
crêp
brom
brôm
crom
crôm
apxe
Búc
Cuba
buá
búa
bứa
bức
cúa
cúc
cứa
cức
búi
cúi
bún
cúm
cún
búp
ctcp
cúp
bút
bứt
bứu
cút
cứt
cứu
Cùa
bùa
bừa
bùi
cùi
bùm
bùn
cùm
cùn
cừu
bủa
bửa
của
cửa
bugi
củi
cửi
bủm
bủn
bửn
củm
củn
bửu
cửu
bữa
buji
culi
cũi
bũm
cũn
cữu
bụa
bục
bựa
bực
cục
cựa
cực
bung	3
buôi
bụi
bưng	104
bươi	36
cung	2
cụi
cưng	2
atom
buôn	157
bụm
bươm	67
bươn	87
cụm
Cuôr
bụp
cụp
bụt
bươu	76
bựt
cụt
cựu
buỷ
axit
azot
byte
Ayun
ê-cu
ê-đê
ê-ke	30
ê-ta
ê-te	13
ê-tô	13
dác
dắc
đác
đắc
dái
ếch
đái
Đắk
dám
dán
dáo
dấm
dấn
dắm
dắn
đám
đán
đáo
đấm
đắm
đắn
dáp
dấp
đáp
đắp
dát
dáu
dấu
dắt
fát
đát
đáu
đất
đấu
đắt
dáy
dấy
đáy
đấy
dada
đađa
dài
đài
dàm
dàn
dào
dầm
dần
dằm
dằn
đàm
đàn
đào
đầm
đần
đằm
đằn
dàu
dầu
đầu
dày
dầy
đày
đầy
dải
dảo
dẩm
dẩn
dẳn
đảm
đản
đảo
đẩn
dẩu
đẩu
dảy
dẩy
đảy
đẩy
êcle
dãi
đãi
dãn
dão
dẫm
dẫn
đão
đẫm
đẫn
đẵm
đẵn
dẫu
dãy
dẫy
đãy
đẫy
dạc
dặc
đạc
đặc
dang	1
danh	1
dại
dâng	147
dăng	62
ếnh
đang	211
đanh	94
đại
đăng	3
dạm
dạn
dạo
dậm
dận
dặm
dặn
đạm
đạn
đạo
đậm
đận
đặm
đặn
dập
đạp
đập
dạt
dật
dậu
dặt
đạt
đật
đậu
đặt
dạy
dậy
đậy
fara
êbur
deca
féc
Đéc
deci
Déo
dém
đém
đéo
đếm
đến
dép
dết
đét
dèn
dền
đèm
đèn
đèo
đềm
đền
đều
dẻo
đểm
đểu
đẽo
dênh	13
èng
ềnh
Đeng
đênh	92
dẹm
dẹo
dện
đẹn
đệm
dẹp
đẹp
đệp
dẹt
dệt
dệu
đẹt
derô
dêrô
đía
dím
díp
đíp
díu
đít
dìa
đìa
diêm	104
diên	89
dìm
Đìn
điên	1
diêu	72
dìu
điêu	139
đìu
đỉa
dĩa
đĩa
file
dĩn
địa
diod
dinh	2
đinh	3
dịp
điop
dịt
dịu
điot
địt
địu
fizê
Dliê
elip
êkip
ễng
ễnh
doá
dóa
dóc
dốc
Đóa
đoá
đóc
đốc
dói
dối
ệch
đói
đối
đới
doan	76
doạ
dóm
dón
dốn
dớn
đoan	128
đoạ
đóm
đón
đốm
đốn
đớn
dớp
đóp
đốp
đớp
Dớt
dót
dốt
đót
đốt
đớt
dòi
dồi
dời
đòi
đồi
đời
dòm
dòn
dồn
dờn
đòm
đòn
đồm
đồn
đờm
đờn
dổi
đỏi
đổi
dỏm
dổm
dởm
đỏm
đởm
đởn
đôla
dõi
dỗi
đỗi
dọa
dọc
dộc
đọa
đọc
độc
dong	1
dọi
dông	116
dội
ệnh
đong	108
đọi
đông	1
đội
đợi
dọn
dộn
dợm
dợn
đọn
độn
dọp
dộp
đọp
độp
đợp
dột
foot
đọt
đột
đợt
Đrá
Drăm
dram
êpan
đpcm
este
dúa
dứa
dức
đúa
đúc
đứa
đức
dúi
dúm
dún
đúm
đún
đúp
dút
dứt
đút
đứt
dùa
dừa
đùa
đừa
đtdđ
dùi
đùi
Duệ
dùm
dùn
đùm
đùn
dủi
đủi
dũa
đũa
dũi
đũi
dụa
dục
dựa
dực
đục
đươc
đực
dung	2
duôi
dụi
dưng	1
đung	80
đuôi	2
đụi
đưng	47
duơn
dụm
đuôn
đụn
đụp
dụt
dựt
đụt
dura
đura
euro
dust
Dýn
dyne
i-on
i-ôn
gác
gấc
hác
hắc
gái
hái
ích
gán
gáo
gấm
gấn
gắm
gắn
hám
hán
háo
hấm
hấn
hắn
Háp
gáp
gấp
gắp
hấp
gáu
gấu
gắt
hát
háu
hất
hấu
hắt
gáy
gấy
háy
hấy
gài
hài
gàn
gào
gầm
gần
gằm
gằn
hàm
hàn
hào
hầm
hằm
hằn
gàu
gầu
hàu
hầu
gày
gầy
hầy
hải
gain
gẩm
hảm
hảo
hẩm
hẳm
hẳn
gbit
hẩu
gảy
gẩy
hảy
hẩy
gala
galê
gãi
hãi
gẫm
hãm
hãn
hão
hẫn
hẵm
gẫu
hẫu
gãy
gẫy
hãy
gạc
gặc
hạc
hặc
gang	3
ganh	105
gại
găng	113
hang	1
hanh	111
hại
hăng	130
gạn
gạo
gậm
gận
gặm
gặn
hạm
hạn
hạo
hậm
hận
hặm
gập
gặp
hạp
hập
gạt
gật
gặt
hạt
hậu
Hạy
gạy
gậy
gara
garô
gatô
héc
hén
héo
hến
hét
hết
hếu
hèm
hèn
hèo
hều
hẻm
hẻn
hẻo
hển
hểu
heli
hẽm
hđks
hẹc
gene
hđnd	143
hênh	73
ình
hẹm
hẹn
hẹp
Hẹt
gệt
hệt
herb
hđqt
giá
già
giai	180
giả
giã
giam	3
gian	208
giao	1
giạ
giâm	74
giăm	67
gíp
híp
giau
giâu	21
hít
giây	158
ghé
ghế
gié
ghè
ghề
giề
ghẻ
giẻ
ghẽ
giẽ
ghen	2
ghẹ
ghệ
gien
gieo	133
gìm
gìn
hiên	1
ghì
ghim	97
gilê
hĩm
gió
gịa
Hine
giò
giồ
giờ
Hinh
gioi	87
giỏ
giở
giỗ
gion	13
giọ
giôn	21
giộ
gịt
hịt
giua	65
giú
giừ
giũ
giữ
giun	2
Glai
Glây
ĩnh
goá
góa
góc
gốc
gớc
hoá
hóa
hóc
hốc
hoà
Hới
gói
gối
hoai
hoả
hói
hối
inch
ịch
gốm
gớm
hoan	1
hoạ
hoăm	1
hoăn
hóm
hón
hớm
hớn
góp
hóp
hớp
gót
hót
hốt
hớt
iốt
hoay	1
hòa
hoè
hòe
iode
gồi
hòi
hồi
hời
inđi
gòn
gồm
gờm
gờn
hoen	82
hoẹ
hòm
hòn
hồm
hồn
hờm
hờn
hỏa
gỏi
gởi
hỏi
hổi
hởi
gỏl
hỏm
hỏn
hổm
hổn
hởn
golf
hỡi
hõm
hỗm
hỗn
hỡm
gọc
gộc
họa
học
hộc
inôc
họe
gọi
gông	75
gội
gợi
hong	83
hông	128
hội
hơng
hợi
gọn
gợn
hộn
hợm
gộp
gợp
họp
hộp
hợp
gọt
gột
gợt
hột
hợt
inox
insơ
iota
gram	112
Hroi
gúa
húc
hứa
hức
húi
huân	108
húm
húp
gút
hút
húy
Huế
Hừa
gùa
hùa
huề
gùi
hùi
gùn
huệ
hùm
hùn
hừm
gủa
gửi
hủi
hủm
hủn
hủy
gũi
hũi
hũm
hũu
hữu
gục
hục
hực
gụi
hung	2
hụi
hưng	133
HTML	109
gươm	3
hụm
hươm
hươn
hụp
Huơu
gụt
hụt
hươu	1
hựu
huý
huỷ
gỵa
jắc
lác
lấc
lắc
lái
Lắk
labo
lám
lán
láo
lấm
lấn
lắm
láp
lấp
lắp
lát
láu
lất
lấu
lắt
láy
lấy
lade
lài
làm
làn
lào
lầm
lần
lằm
lằn
làu
lầu
lày
lầy
lải
lảm
lảo
lẩm
lẩn
lẳm
lẳn
lảu
lẩu
lảy
lẩy
kaki
kali
lãi
lãm
lãn
lão
lẫm
lẫn
lẫy
lạc
lặc
lang	2
lanh	127
lại
lâng	1
lăng	3
Kạn
lạm
lạn
lạo
lận
lặm
lặn
lạp
lập
lặp
lạt
lạu
lật
lậu
lặt
Lậy
lạy
lari
Java
Katê
lave
lati
laze
kéc
léc
jean
kém
kén
kéo
lém
lén
léo
kép
kếp
lép
lếp
két
kết
kếu
lét
lết
lếu
kèm
kèn
kèo
kềm
kền
lèm
lèn
lèo
jeep
kều
lều
kẻm
kẻo
lẻm
lẻn
lẻo
lểu
kẽm
kẽo
lẽn
lẽo
lễu
Kêng
keng	1
kênh	1
leng	1
lênh	98
kẹn
kẹo
lẹm
lẹn
lẹo
kẹp
lẹp
kẹt
lẹt
lệt
kêpi
lđvp
li-e
lí'
Lía
khá
líc
khà
khai	1
khả
Khạ
kham	94
khan	128
khao	3
khâm	113
khân	41
khăm	75
khăn	1
kín
jíp
kíp
líp
khau	84
khâu	147
kít
kíu
lít
líu
khay	116
khé
khế
kìa
lìa
khè
khề
khẻ
khẽ
Lìn
khem	85
khen	1
kheo	90
khệ
kiêm	144
kiên	3
kìm
kìn
liêm	108
liên	203
lìm
khêu	87
kiêu	128
liêu	117
lìu
khí
khì
khỉ
khin	26
khị
kỉm
lỉm
khiu	69
lỉu
kilô
kĩn
kĩu
khoa	204
khó
khố
khớ
kina
kịa
lịa
khoe	3
khò
khờ
Khoi
khỏ
khôi	1
khổ
khơi	143
kinh	208
linh	1
khom	1
khôn	1
lịm
kịp
kiôt
kịt
lịu
lira
khua	87
khú
khứ
khuê	77
khù
khừ
khui	74
khủ
khử
khum	1
khuơ	44
khụ
khự
kitô
lito
litô
khuy	90
Kốc
loá
lóa
lóc
lốc
loà
lóe
loai
loả
lói
lối
lới
loã
loan	113
loăn
lóm
lón
lốm
lốn
lớn
lóp
lốp
lớp
Kót
lót
lốt
lớt
loay	107
loé
lòa
loè
lòe
lòi
lồi
lời
loen	13
lòm
lòn
lồm
lồn
lờm
lờn
KNia
loga
lỏa
lôga
lỏi
lởi
logo
lỏm
lỏn
lổm
lổn
lơgo
lởm
lởn
lõa
lõi
lỗi
lỡi
lõm
lỗm
lỡm
lọc
lộc
Lơng
kông
long	1
lọi
lông	1
lội
lợi
lọm
lọn
lộm
lộn
lợm
lợn
lọp
lộp
lợp
lọt
lột
lợt
loti
Kmun
JPEG	76
Krem
Krêy
Krôm
ksmt
lúa
lúc
lứa
lức
lúi
luân	137
lúm
lún
lúp
Jút
lút
lứt
lúy
lùa
lừa
lùi
Juđô
lùm
lùn
lủa
lửa
lủi
Kủo
lủm
lủn
lũa
lữa
Ktlê
lũi
lũm
lũn
lũy
kuna
lụa
lục
lựa
lực
kung
lung	1
lụi
lưng	1
luôm	21
luôn	3
lụm
lụn
lươm	21
lươn	2
lụp
lụt
lựu
lụy
Ktul
luya	13
luý
luỹ
luyn
luỵ
kw-h
kyat
o-bo
ơ-đu
ô-kê
ơ-rô	56
M'Ta
ô-tô	83
o-xi
ô-xi	43
o-xy
ô-xy
Oắc
mác
mắc
nác
nấc
nắc
oác
mái
nái
oái
macô
mám
mán
máo
mấn
mắm
mắn
nám
nán
náo
nấm
nấn
nắm
nắn
oán
mấp
náp
nấp
nắp
oáp
mát
máu
mất
mấu
mắt
nát
náu
nấu
oát
oắt
máy
mấy
náy
nấy
mài
nài
oài
màn
mào
mầm
mần
mằn
nàn
nào
nầm
nần
nằm
nằn
oàm
oằn
màu
mầu
mày
mầy
này
nầy
magi
mải
nải
oải
mail
mản
mẩm
mẩn
mẳn
nản
nảo
nẳm
oản
oẳn
mbit
mẩu
mảy
mẩy
nảy
nẩy
mãi
Nẫm
mãn
mão
mẫm
mẫn
mẵm
não
nẫn
mẫu
nẫu
nãy
nẫy
mạc
mặc
nạc
nặc
oạc
ôboa
mang	2
manh	136
mại
mâng	13
măng	2
nang	1
nanh	102
nại
nâng	2
năng	211
oang	1
oanh	114
oại
oăng	1
óng
ống
mạn
mạo
mậm
mận
mặn
nano
nạm
nạn
nạo
nậm
nặn
mạp
mập
nạp
nập
oạp
mạt
mật
mậu
mặt
nạt
nậu
oặt
mạy
mậy
nạy
nậy
mark
marx
maze
mayô
méc
oéc
mém
mén
méo
mến
ném
nén
néo
nếm
nến
mép
nép
nếp
mét
mết
mếu
nét
nết
nếu
mèm
mèn
mèo
mềm
mền
nèn
nèo
nền
oèo
mega
mêga
mẻo
nẻo
melo
mẽo
nẽo
mẹc
mênh	118
nênh
oeng
òng
ồng
mẹo
neon
nệm
nện
mẹp
nẹp
nệp
mẹt
mệt
nẹt
mesơ
ơi-ê
mica
mía
míc
nhá
ngà
nhà
ngai	124
ngả
nhai	1
nhả
ngã
nhã
Nhạ
mím
mín
ngam	36
ngan	101
ngao	1
ngâm	3
ngân	1
ngăm	2
ngăn	1
nham	112
nhan	3
nhao	1
nhâm	104
nhân	218
nhăm	2
nhăn	131
ním
nín
míp
níp
mít
míu
ngau	30
ngâu	64
nhau	203
nhâu	30
nít
níu
ngay	1
ngây	3
nhay	63
nhây	26
nhé
nhè
nhẻ
nhể
nhẽ
nhễ
miên	1
mìn
nhem	2
nhen	97
nheo	3
nhẹ
niêm	143
niên	1
miêu	190
mìu
niêu	85
mỉa
nhí
nghe	1
nghê	114
nhì
nghi	2
nhỉ
nhĩ
Ohio
mỉm
nhị
NHHP
mỉu
nhiu	60
mĩa
nĩa
mili
mĩm
ngoa	115
ngó
ngố
ngớ
nhó
nhố
nhớ
nina
ngoe	1
ngò
ngồ
ngờ
nhoe	33
nhò
nhờ
minh	2
mini
ngoi	83
ngỏ
ngôi	2
ngổ
ngơi	147
nhoi	94
nhỏ
nhôi	21
nhổ
nhơi	1
nhở
ninh	1
ỏng
ổng
ngõ
ngỗ
ngỡ
nhõ
nhỡ
minơ
mịn
ngon	1
ngọ
ngôn	3
ngộ
ngơm	13
ngơn	13
ngợ
nhom	75
nhon
nhọ
nhôm	2
nhôn	33
nhơm	36
nhơn	85
nhợ
nino
mịt
nịt
nịu
ngú
ngưa	43
ngứ
nhú
nhứ
ngù
ngừ
nhù
nhừ
ngủ
nhui	13
nhủ
nhử
Nhữ
ngũ
ngữ
nhũ
Nhum
ngun
nguơ
ngụ
ngự
nhun
nhụ
nhự
nitơ
nivô
ngưu	91
nguy	2
okay
ôliu
õng
móc
mốc
nóc
nốc
oóc
mói
mối
mới
nói
nối
nới
móm
món
mớm
mớn
nón
Nốp
móp
mớp
nóp
nớp
mót
mốt
nót
nốt
nớt
moay	13
mòi
mồi
mời
nòi
nồi
noel
Nôen
mòm
mòn
mồm
mồn
mờm
nòm
nồm
nờm
mỏi
nỏi
nổi
mỏm
mởn
nỏm
mỗi
nỗi
mõm
nõn
nỡm
mọc
mộc
nọc
Nọi
mong	3
mọi
mông	3
mội
nong	99
nông	2
nội
oong
ôông
mono
mọn
nọn
nộm
nộn
mọp
nộp
nợp
mọt
một
nọt
nột
môtô
môtơ
noun
open
ôsin
nsnd
Mrơn
nsưt
Núa
muá
múa
múc
mứa
mức
núc
nứa
nức
múi
núi
Mual
Mứn
múm
mún
núm
ôvan
múp
núp
mút
mứt
mứu
nút
nứt
mùa
mùi
nùi
mùn
nùn
mửa
nủa
nửa
mủi
mủm
mủn
nữa
mũi
nũi
null
mũm
nũy
mục
mựa
mực
nục
nực
mung	59
muôi	67
mụi
mưng
mươi	146
nung	129
nuôi	1
nưng	46
nươi
muôm
muôn	133
mụn
mươn
mụp
mụt
Otto
Muya
oxid
ôxit
ozon
Pấc
Pắc
pác
rác
rắc
sác
sắc
rái
sái
Pắk
Pán
Rcăm
páo
rám
rán
ráo
rấm
rấn
rắm
rắn
sám
sán
sáo
sấm
sấn
sắm
sắn
páp
ráp
rấp
rắp
sáp
sấp
sắp
Pát
rát
ráu
rất
rắt
sát
sáu
sất
sấu
sắt
ráy
sấy
sà-
rađa
Pài
rài
sài
Pằn
pào
ràm
ràn
rào
rầm
rần
rằm
rằn
sàm
sàn
sào
sầm
sần
rầu
sầu
rày
rầy
sầy
rải
sải
rảo
rẩm
sản
sảo
sẩm
sẩn
rảu
rảy
rẩy
sảy
sẩy
sakê
rãi
sãi
rão
rẫm
sẫm
sẵn
sẵp
rãy
rẫy
rạc
rặc
sạc
sặc
rand
Pang
Păng
Sại
panh
rang	1
ranh	1
rại
răng	1
sang	2
sanh	1
sâng
săng	54
panô
rạm
rạn
rạo
rậm
rận
rặm
rặn
sạm
sạn
sạo
sậm
sặm
rạp
rập
sạp
sập
Rậu
rạt
rật
rặt
sạt
sật
sậu
sặt
rạy
sậy
patê
séc
real
Péo
rén
réo
rến
sém
séo
sến
rếp
sếp
rét
rết
rếu
sét
sếu
pêđê
rèm
rèn
rèo
rền
sèo
sền
rều
sều
rẻo
sẻn
sẽê
pẹc
rẹc
reng	51
sênh	59
rẹo
rện
sẹm
sẹo
rệp
sẹp
sệp
rẹt
rệt
rệu
sẹt
sệt
seri
peso
sexy
phá
síc
phà
rià
phai	123
phả
rial
Phan	159
Phạ
Sín
phao	1
phân	1
phăm	1
phăn	67
pín
rím
Síp
píp
phau	66
pít
rít
ríu
sít
phay	87
phây	1
SIDA
phé
phế
rìa
phè
phề
sìi
riel
Sìn
phen	1
pheo	39
phên	84
phệ
riên
riđô
phêu
piêu
riêu	85
rìu
siêu	2
phí
rỉa
sỉa
phì
phỉ
phim	1
phin	75
phị
rỉn
phiu	72
rĩn
phó
phố
phớ
rịa
sịa
phò
phồ
phờ
phoi	61
phôi	124
phổ
phơi	2
phở
ping	66
rinh	97
sinh	217
phom	81
phôm	1
phôn
phơn	61
rịm
rịn
sion
rịp
shop
sịp
pint
rịt
sịt
phua
phú
phù
rivê
phui	88
phủ
phũ
phum
phun	2
phụ
shtt
phuy	77
Rlâm
plây
Roá
róa
róc
rốc
sóc
sốc
soà
rói
rối
sói
sới
rock
Rốm
róm
rón
rốn
rớm
sóm
són
sớm
sớn
rốp
rớp
sốp
rót
rốt
rớt
sót
sốt
sớt
soda
sòa
sôđa
ròi
rồi
rời
sòi
sồi
ròm
ròn
rồm
rồn
rờm
rờn
sòm
sòn
sồm
sồn
sờm
sờn
rỏi
rổi
sỏi
sổi
sởi
rỏm
rỏn
rổn
rởm
rởn
sởn
rơle
rõi
rỗi
sõi
rỡn
Rôma
rọc
rộc
sọc
sộc
Pơng
Rooi
pông	46
rong	129
rọi
rông	99
rợi
song	1
sông	1
sơmi
sợi
rọm
rọn
rộm
rộn
rợm
rợn
sọm
rộp
rợp
sộp
pơmu
rọt
rột
rợt
sọt
sột
rose
rôti
roto
soum
Prao
Preh
prep
SRó
quá
rúc
rứa
rức
súc
sứa
sức
quà
quai	117
quả
rubi
rúi
quã
quan	219
quao	36
quạ
quân	206
quăm	59
quăn	79
rúm
rún
sún
ptcs
rúp
súp
pút
quau	1
rút
rứt
sút
sứt
quay	1
quây	113
qúy
ruby
súy
qué
quế
rùa
què
quề
quẻ
quể
sùi
quẽ
quen	2
queo	1
quên	3
quệ
rùm
rùn
sùm
sừn
qùy
quí
rủa
rửa
sủa
sửa
quì
quỉ
rủi
sủi
quĩ
quị
rủn
sửu
pula
rũa
rữa
sữa
puli
pull
rulô
qũy
Pụa
quớ
rụa
rục
rựa
rực
sụa
sục
sực
quờ
Pươi
quở
rung	139
rụi
rưng	1
rươi	90
sung	2
sưng	1
sươi
quọ
ruôn
rụm
rươm	13
rươn
suôn	113
sụm
sụn
rụp
stop
sụp
Pụt
rụt
sụt
sựt
sựu
qụy
PTSC
ptth
quý
suý
quỳ
quỷ
quỹ
quỵ
Rỵn
u-rê
u-su
tác
tấc
tắc
vác
vắc
tái
vái
tám
tán
táo
tấm
tấn
tắm
tắn
ván
váo
vấn
vắn
táp
tấp
tắp
váp
vấp
tabu
tát
táu
tất
tấu
tắt
uất
vát
vất
vấu
vắt
táy
tấy
váy
vấy
tài
vài
tàm
tàn
tào
tầm
tần
tằm
tằn
vàm
vàn
vào
vần
vằm
vằn
tàu
tầu
vầu
tày
tầy
uầy
vày
vầy
tải
vải
tản
tảo
tẩm
tẩn
tẳn
uẩn
vẩn
tẩu
vẩu
tẩy
uẩy
vảy
vẩy
taka
tala
tãi
vali
vãi
Tẫn
vãn
vẫn
vals
vẫy
tạc
tặc
vạc
vặc
UBND	171
tand
tang	2
tanh	3
tại
tâng	84
tăng	207
úng
vang	2
vanh	73
vani
vại
vâng	110
văng	3
ứng
tạm
tạo
tậm
tận
tặn
vạm
vạn
vậm
vận
vặn
tạp
tập
vạp
vập
tạt
tật
tậu
vạt
vật
vặt
vạy
vậy
tarô
TCVN	100
vatu
tcty
taxi
téc
véc
Tén
tém
téo
vén
véo
tép
tét
tết
tếu
vét
vết
vếu
tèm
tèn
tèo
vèn
vèo
vền
vều
Tẻh
tẻm
tẻo
vẻn
vẻo
tẽn
tẹc
vẹc
teng	1
tênh	1
ùng
vênh	103
ừng
tẹo
tênô
vẹm
vẹn
vẹo
vện
tẹp
tệp
tẹt
vẹt
vệt
verb
test
TDTT
thá
tía
viá
vía
thà
thai	1
thả
tham	204
than	3
thao	1
thâm	1
thân	1
thăm	1
thăn	2
tím
tín
THCS
típ
thau	100
thâu	120
tít
tíu
vít
víu
thay	2
thây	102
thé
thế
thè
thề
thẻ
thể
thẽ
then	119
theo	217
thêm	2
thệ
tiêm	1
tiên	210
tìm
tìn
viêm	3
viên	217
thêu	2
tiêu	204
thia	69
thí
tỉa
vỉa
thì
thỉ
thĩ
thin	56
thị
tỉm
thiu	1
tỉu
vila
tĩn
vĩo
tĩu
thoa	132
thó
thố
thớ
thò
thồ
thờ
Ting
thoi	3
thỏ
thôi	2
thổ
thơi	1
thở
tinh	1
ủng
vinh	2
ửng
thom	43
thon	1
thọ
thôn	1
thơm	2
thơn	36
thợ
tịn
vịm
vịn
tịt
tịu
vịt
visa
tipô
VIQR	36
THPT
thua	161
thú
thưa	2
thứ
thuê	2
thù
thừ
thui	102
thủ
thử
tivi	127
thum	51
thun	3
thụ
thự
toá
tóc
tốc
vóc
vốc
ước
toà
tóe
VNCH
toả
tói
tối
tới
vói
vối
với
toan	2
toạ
tóm
tốn
tớn
uốn
voan	105
vón
vốn
ướm
tóp
tốp
tớp
ướp
tót
tốt
tớt
vót
vớt
ướt
toé
tòa
toè
tòe
toẻ
tòi
tồi
tời
vòi
vồi
vời
toẽ
toen	26
tòm
tòn
tồm
tồn
vòm
vòn
vồn
vờn
ườn
Uní
tỏa
tỏe
tơì
tỏi
tỏm
tổn
tởm
tởn
vỏn
vởn
vôlê
tõm
ưỡn
volt
tọa
tọc
tộc
vọc
Uông
tong	92
tông	1
tội
vong	3
vọi
vông	1
vội
vợi
ương	1
tônô
tợn
tọp
tộp
tợp
vọp
tọt
tột
uột
vọt
vợt
topo
tour
tout	33
trá
trà
trai	1
trả
trã
tram	64
tran	76
trao	180
trâm	92
trân	3
trăm	3
trăn	127
trau	118
trâu	2
trây	30
urea
trè
trề
trẻ
trể
trẽ
trễ
treo	1
trẹ
trên	225
trệ
trêu	1
trí
trì
trĩ
trị
Tró
trố
trớ
trò
trồ
trờ
troi	67
trỏ
trôi	1
trổ
trơi	1
trở
trỗ
tron	93
trọ
trôm	63
trôn	64
trộ
trơn	1
trợ
trú
trưa	150
trứ
trù
trừ
trui	77
trủ
trữ
trun	33
trụ
trự
truy	2
túa
túc
tứa
tức
vúc
vức
túi
tuân	150
túm
túp
tút
vút
vứt
túy
tuế
từa
vùa
vừa
vùi
tuệ
tùm
vùn
tùy
tủa
tửa
tủi
tủm
tủn
vủn
tửu
tủy
vữa
tũm
tũn
vũm
tục
tựa
vụa
vục
vựa
vực
tung	1
tụi
tưng	2
tươi	1
vung	3
vưng	21
tuôn	2
tụm
tươm	92
vụn
vươn	1
tụt
tựu
vụt
vươt
tụy
tuya
tuý
tuỳ
tuỷ
tuyn	47
tuỵ
uýt
uyên	116
typo
xác
xấc
xắc
zắc
xái
xám
xán
xáo
xắm
xắn
xáp
xấp
xắp
xát
xáu
xất
xấu
xắt
xáy
xài
xàm
xào
xầm
xàu
xầu
xải
xảm
xảo
xẩm
xẩn
xảu
xẩu
xảy
xẩy
xạc
Yang
xang	1
xanh	1
xăng	1
xạm
xạo
xậm
xạp
xập
xạu
xậu
yard
watt
xéc
xém
xén
xéo
yếm
yến
xép
xếp
xét
yết
yếu
xèn
xèo
xềm
xều
xẻn
xẻo
yểm
yểu
xẽo
xẹc
Xeng
xênh	64
yêng	44
xẹo
xẹp
xệp
xẹt
xệt
xệu
xêri
zero
zêrô
zeta
xía
zíc
Xín
xhcn
xít
xíu
xì-
xìa
xiêm	94
xiên	110
Xier
xiêu	100
xìu
xỉa
xỉn
xỉu
wiki
wind
xinê
Xing
xinh	1
xịn
xịt
xịu
xirô
xita
xoá
xóa
xóc
xốc
xoà
xoai
xoả
xói
xối
xới
xoã
xoan	1
xoăn	3
xóm
xón
xốn
xớm
xớn
xóp
xốp
xớp
xót
xốt
xớt
xoay	3
xòa
xôđa
xoè
xòe
xoen	13
xoẹ
xòm
xồm
xồn
xờm
xỏa
yoga
yôga
xổi
xởi
xổm
xổn
xởn
xõa
xõm
xọc
xôma
xộc
xọe
xong	3
xông	138
xộn
xọp
xộp
xợp
xợt
Xúa
xúc
xức
xúi
yuck
xuân	158
xúm
yuan
xúp
xút
xuây	1
xúy
Xùa
xuề
xuể
xùi
xùm
xùy
xửa
xủi
xục
xực
xung	1
xuôi	1
xụi
xưng	3
xtôn
xụp
xụt
xuya	1
xuý
xuỳ
A-đam
a-gon
B'Lao
a-len	13
a-mam
a-men
a-min	1
a-sen
A-sin
a-xen
a-xit	13
Á-âu
ba-dơ
ca-đô
ba-ga	1
Ba-hi
ba-lê	60
ca-ki
ca-li
ba-lô	44
ca-lo	21
ca-lô
ca-nô	53
ca-ra
ca-rê
ca-sê
ba-ri
ca-ri	1
ca-pô	69
ca-rô	50
ca-sô
ba-ta
ba-tê	13
ba-za
ba-zơ
ắc-ê
bách
cách
cacao
cabin
acbit
ăccoc
báng
bánh
bấng
bắng
cáng
cánh
cắng
café
bàng
bành
bầng
bằng
càng
cành
cằng
bai-t
bảng
bảnh
cảng
cảnh
cẳng
BCHTW
balat
calib
bãng
bẫng
bẵng
cẫng
cẵng
bạch
cạch
canke
banjo
bạng
bạnh
bậng
bặng
cạnh
canon
caosu
canxi
carat
barem
baren
barie
basoi	1
acquy
ăcquy
cavat
acten
catôt
catsê
bazan
bê-rê
bê-ta	30
béng
bếnh
bềnh
bểnh
cello
bệch
bệnh
bi-da	39
Ch'om
chác
chắc
bích
chái
chán
cháo
chấm
chấn
chắm
chắn
chấp
chắp
chát
cháu
chất
chấu
chắt
cháy
chấy
chài
chàm
chào
chầm
chần
chằm
chằn
chàu
chầu
chày
chầy
chải
chảm
chảo
chẩm
chẩn
chẳn
chảu
chẩu
chảy
chẩy
chãi
chão
chẫm
chẫn
chẵn
chẫu
chạc
chậc
chặc
bính
chang	1
chanh	3
châng
chăng	143
chạm
chạn
chạo
chậm
chận
chặm
chặn
chạp
chập
chặp
chạt
chật
chậu
chặt
chạy
chậy
biếc
biếm
biến
chém
chén
chéo
chép
chếp
biết
biếu
chét
chết
biền
chèm
chèn
chèo
chềm
Biều
chều
biển
chẻm
chẻn
chẻo
biểu
chẽm
chẽn
chễm
biêng	2
bình
cheng	30
chênh	2
biện
chẹn
chẹo
chệm
chện
chẹp
chệp
biệt
chẹt
chệt
chía
chím
chín
chíp
chít
chíu
chìa
chiêm	135
chiên	3
chìm
chiêu	1
chìu
chỉa
chỉn
chĩa
chĩn
chịa
Bhing
bỉnh
chinh	150
chịn
chịt
chịu
bĩnh
chlor
choá
chóa
chóc
chốc
chóe
Choah
bịch
choai
chói
chối
chới
choăn	1
chốn
chớm
chớn
chóp
chốp
chớp
chót
chốt
chớt
choé
choè
chòe
chòi
chồi
choen
choẹ
chòm
chồm
chồn
chờm
chờn
chỏi
chổi
chỏm
chỏn
chổm
chởm
chõi
chỗi
chõm
chỗm
chọc
chọe
bịnh
chong	95
chọi
chông	104
chội
chọn
chộn
chợn
chọp
chộp
chợp
chọt
chột
chợt
chrom
chúa
chúc
chứa
chức
chúi
chúm
Chứt
chút
Chuế
chùa
chừa
chùi
chùm
chùn
chùy
chủa
chửa
chửi
chủm
chủn
chữa
chũi
chũm
chũn
chục
chực
chung	1
chuôi	84
chưng	123
chuôm	44
chụm
chụp
chụt
bitum
chuỳ
blăng
album
ALGOL
blốc
alpha
cô-ca	1
bô-đê	1
cô-đê
Cơ-ho
cô-le
cơ-lê
cô-li
bo-nê
am-pe	1
ăm-pe	1
cô-ta
an-te
cô-ve	1
an-tô
Cơ-tu	21
ao-xơ
bobin
bôbin
bóng
bống
cóng
cống
anbom
boạt
amatơ
anbum
bòng
bồng
còng
cồng
amian
bỏng
bổng
cỏng
cổng
amino
bohri
bõng
bỗng
cõng
colon
boóc
coóc
bombê
Annam
anode
cônic
comlê
coọc
boong	99
bọng
bộng
coong	47
cọng
cộng
compa
copfa
anpha
cosin
côsin
ampli
anten
ANZUS
ASCII	68
arbit
ASEAN
crếp
apphe
artel
brush
cu-đơ
bu-gi	41
cu-li
au-xơ
búng
bứng
cúng
cứng
cuarơ
audio
bùng
bừng
cùng
bủng
bửng
củng
cửng
atisô
atlas
culit
cũng
culon
bước
cuốc
cước
buối
cuối
cưới
bướm
cuốn
bướp
cướp
buốt
bướu
buồi
cuồi
cười
buồm
buồn
cuồn
cườm
buổi
bưởi
cưởi
bunke
cưỡi
cuỗm
buộc
cuộc
cược
Cuông
buông	133
buội
bụng
bương	53
bựng
cuội
cụng
cương	2
buộm
cuộn
buột
bượt
bupbê
curoa
burst
buýt
axít
Ê-đen
e-ste
fa-ra
dách
đách
dáng
dắng
đáng
đánh
đấng
đắng
dàng
dành
dằng
đàng
đành
đằng
dảnh
dẳng
Đảnh
đảng
đẳng
dãng
đãng
đẵng
đạch
dạng
dặng
đặng
đê-ca
dê-rô
đê-xi
đeca-
dếch
đếch
decor
đềca
dềnh
đềnh
đểnh
đễnh
delta
dệch
denar
dệnh
đenta
ferit
đexi-
đi-na	1
dích
đích
dính
đính
diếc
điếc
diến
điếm
điến
diếp
diết
diếu
điếu
diềm
điềm
điền
diều
điều
diển
điểm
điển
Diểu
điểu
diễm
diễn
diễu
diệc
điêng
đình
diệm
diện
điệm
điện
diệp
điệp
diệt
diệu
điệt
điệu
Dgieh
đỉnh
dĩnh
đĩnh
dịch
địch
dinar
định
êlíp
fluor
đô-la	108
em-mê
Đơ-ro
đoác
đoái
đoán
đoài
đoàn
email	151
đoản
doãi
doãn
Dống
doanh	205
dóng
đóng
đống
đoạn
đoạt
dobra
đờ-o
dòng
dồng
đòng
đồng
dỏng
êning
đỏng
đổng
dõng
Đỗng
dọng
dộng
đọng
động
fomol
foxep
enzim
franc
Drăng
frăng
Đrăng
ester
fu-la
đu-ra
Duẩn
dubni
dúng
dứng
đúng
đứng
duật
dùng
dừng
đùng
đừng
ether
dửng
đủng
dũng
đũng
duốc
đuốc
đước
duối
dưới
đuối
dướn
đướu
đười
Duồn
đuồn
đườn
đuổi
duỗi
đuỗn
đưỡn
duộc
dược
được
dụng
dương	1
dượi
dựng
đuông
đuội
đụng
đương	169
đượi
đựng
đượm
dượt
đuột
duyên	1
đuyra
i-ốt
i-tan
i-tờ
ga-la
ga-lê	30
ga-li
ga-ma	1
ga-ra	46
ga-rô	13
ga-tô	33
gách
hách
gánh
gắng
háng
hánh
hấng
hắng
gàng
gành
hàng
hành
hằng
gảng
gảnh
hảng
hảnh
hẩng
galen
gẵng
hãng
hãnh
hẫng
hẵng
gạch
hạch
gamen
gamma
gạnh
gặng
hạng
hạnh
he-li
hê-li
hếch
hecta
hecto
hềnh
hểnh
idiom
hệch
hertz
hi-fi
hi-la
gi-lê	21
giác
giấc
giắc
giái
gích
hích
giám
gián
giáo
giấm
giấn
giắm
giắn
giáp
giấp
giát
giấu
giắt
Giáy
giấy
giàm
giàn
giào
giầm
giần
giằm
giằn
giàu
giầu
giày
giầy
giải
giảm
giản
giảo
giẳn
giảu
giẩy
giãi
giãn
giẫm
giẵm
giãy
giẫy
giạc
giặc
giang	3
gianh	73
giại
giăng	107
giạm
giậm
giận
giặm
giặn
giạp
giập
giạt
giật
giậu
giặt
giếc
hiếc
ghém
giéo
giếm
hiếm
hiến
ghép
hiếp
ghét
giết
hiếu
ghèn
gièm
giền
hiềm
hiền
gièy
hiểm
hiển
hiểu
giễu
giêng	108
hiêng	39
hình
ghẹn
ghẹo
giẹo
hiện
giẹp
hiệp
ghệt
hiệt
hiệu
hiđro
hiđrô
Giêsu
Giêxu
giga-
ghín
ghít
ghìm
hỉnh
ghịt
ghita
hĩnh
gĩữ
gióc
giốc
giói
giối
giới
hịch
gión
Gióp
Giót
giốt
giòi
giồi
giời
giòn
giờn
Hinđu
hindu
giỏi
giổi
giỏn
giởn
giỗi
giỡn
giọc
giong	74
giọi
giông	109
giội
giộp
giọt
hippy
giúi
giúp
giùi
giùm
giủi
giũa
giữa
giụa
giục
giụi
giụn
giựt
gluco
ho-bo
gô-đê
in-đi
gô-ri
in-sơ
in-va
hoác
hoắc
hoái
hoán
hoắm
hoắt
hoáy
hoài
hoàn
hoằn
hoải
hoẳn
hoãn
hoặc
hoang	1
hoại
hoăng	57
hóng
hống
hoạn
hoặn
hoạt
hoét
hoẻn
gồng
hòng
hồng
hoẹt
Hning
gỏng
hỏng
hổng
hơgơr
Hơleo
hỗng
hoóc
goong
gọng
họng
input
hotel
gotic
gôtic
goục
grát
Hreng
Islam
huấn
huầy
Gứng
húng
hứng
gùng
gừng
huênh	63
hùng
hừng
Hủó
hủng
hửng
hững
guốc
hước
hướm
huốt
guồi
gườm
huờn
hườm
gưởi
huỡn
guộc
gương	1
hương	2
guộn
gượm
hượm
guột
huýt
huyên	93
huynh	152
hyđro
hyđrô
la-bô
la-de	44
la-ga
ka-ki	21
ka-li	30
Kách
lách
lăclê
láng
lánh
lắng
Kađai
làng
lành
lằng
ladơn
lảng
lảnh
lẳng
lãng
lãnh
lẵng
lạch
lạị
lạng
lạnh
lặng
laser
kappa
javel
javen
latin
latti
layơn
kê-pi	36
le-va
Lê-vi	1
kếch
lếch
léng
Lèng
kềnh
lềnh
lèõ
kẻng
lẻng
kễnh
kệch
lệch
Lenin
Lênin
leone
kệnh
lệnh
Kđrao
Jêsus
li-be
ki-lô
li-mô
li-vê
Ki-tô	21
li-tô	46
li-xê
khác
khấc
khắc
khái
kích
lích
khám
khán
kháo
khấm
khấn
khắm
khắn
kháp
khấp
khắp
khát
kháu
khất
khấu
khắt
kháy
khàn
khào
khần
khằn
khải
khảm
khản
khảo
khẩm
khẩn
khẳm
khẳn
khẩu
khảy
khẩy
khạc
khậc
khặc
Jiang
khang	123
khanh	110
khâng
khăng	1
kính
lính
khạo
khậm
khạp
khập
khật
liếc
khén
khéo
kiếm
kiến
liếm
liến
khép
kiếp
liếp
khét
kiết
kiếu
liếu
khèn
khèo
kiềm
kiền
liềm
liền
khều
kiều
liều
khẻo
kiểm
kiểu
liểu
liễm
liễn
liễu
khẹc
liệc
khênh	63
kiêng	133
kình
liêng	126
lình
kiệm
kiện
liệm
liện
liệp
khẹt
kiệt
kiệu
liệt
liệu
khía
kỉch
khín
khít
khíu
khiêm	131
khiên	109
khìn
khiêu	132
khịa
khinh	125
kỉnh
lỉnh
khịt
khịu
Khlá
kilo-
lĩnh
khoá
khóa
khóc
khốc
khóe
khoai	1
khoả
khói
khối
khới
kịch
lịch
khoan	1
khoăm	1
khoăn	1
khóm
khốn
khớp
khót
khoé
khòe
khoẻ
khoen
khoeo	61
khòm
khòn
Khmer
khỏa
khỏe
khỏi
khởi
Kinho
khổn
khởm
kinin
Khơme
không	238
lịnh
khọm
khọt
lintô
Linux
lipid
khúc
khứa
khuân	91
khúm
litas
khứu
khuây	79
Khùa
Khừa
Khủa
lithi
khủy
khục
khựa
khuờ
khung	2
khươi	1
khuôn	1
khươm	13
khươn	13
khụt
khụy
khuya	123
khuỷ
khuỵ
lizin
lo-ga
lô-ga
lô-gô	33
lơ-go	1
lô-tô	1
loác
loán
loáo
loắn
loát
loắt
loáy
loài
loàn
loằn
loạc
loang	103
loanh	91
loại
loăng	53
lóng
loạn
loạt
lôcôt
loét
loẻo
lòng
lồng
loẹt
logic
lôgic
lỏng
lổng
lõng
Loong	49
lọng
lộng
Kpăng
Krang
krona
krone
Krông
kroon
kruna
Krung
ju-đô
luấn
luẩn
lúng
luận
luật
Kuênh
lùng
lừng
kudzu
lủng
lửng
lũng
lững
luốc
lưới
lướp
luốt
lướt
lướu
luồi
lưòi
lười
luồn
lườm
lườn
lưởi
lưỡi
luộc
lược
luông	54
lụng
lương	3
lựng
luộm
lượm
lượn
luột
lượt
juýp
kuýp
luýt
luyên
ô-boa
o-don
ô-dôn
M'gar
ô-liu	69
Ô-man
ô-sin	50
ô-van	1
ô-ten	1
ô-zôn
ma-cô
ma-de
ma-dê
na-di
ma-gi
mách
nách
oách
macma
Oánh
máng
mánh
mắng
náng
nánh
nấng
nắng
macro
mađam
mafia
màng
mành
mầng
nàng
nành
nằng
oàng
oành
magie
magma
oẳnc
mảng
mảnh
oẳng
naira
nakfa
maket
Nẵng
mãng
mãnh
nẫng
mạch
oạch
manat
manip
mạng
mạnh
nạng
nạnh
nậng
nặng
maser
natri
matxa
may-ô
may-ơ	1
mayso
mazut
me-ga
mê-ga
mê-lô
mếch
media
mêđia
mèng
Mdhur
Mđhur
mệnh
nêông
meson
metan
mezon
mi-ca	21
mi-li
Ni-na
mi-ni	51
Ni-nô	1
mi-nơ
ni-tơ	41
ni-vô
ngác
ngấc
ngắc
nhác
nhấc
nhắc
mích
ngái
nhái
ních
ngám
ngán
ngáo
ngấm
ngấn
ngắm
ngắn
nhám
nháo
nhấm
nhấn
nhắm
nhắn
ngáp
ngấp
nháp
nhấp
nhắp
ngát
ngáu
ngất
ngấu
ngắt
nhát
nháu
nhất
nhắt
ngáy
ngấy
nháy
nhấy
ngài
nhài
ngàm
ngàn
ngào
ngầm
ngần
ngằn
nhàm
nhàn
nhào
nhầm
nhần
nhằm
nhằn
ngàu
ngầu
nhàu
nhầu
ngày
ngầy
nhày
nhầy
ngải
nhải
Ngảo
ngẩm
ngẩn
ngẳn
nhảm
nhản
nhảo
nhẩm
nhẩn
nhẳn
ngẩu
nhảu
nhẩu
nhảy
nhẩy
ngãi
nhãi
ngão
ngẫm
ngẫn
nhãn
nhão
nhẫm
nhẫn
nhẵn
ngẫu
nhẫy
ngạc
nhạc
ngang	1
nganh
ngại
nhang	122
nhanh	1
nhại
nhâng	21
nhăng	1
nính
ngạn
ngạo
ngậm
ngận
nhạn
nhạo
nhậm
nhận
nhặm
nhặn
ngập
nhạp
nhập
ngạt
ngật
ngậu
ngặt
nhạt
nhạu
nhật
nhậu
nhặt
ngậy
nhạy
nhậy
micro
micrô
miến
nhém
nhén
nhéo
nhép
miết
miếu
nhét
nhếu
niết
miền
ngèo
nhèm
nhèn
nhèo
niềm
niền
miều
nhều
Miẻo
nhẻm
nhẻo
miểu
nhểu
miễn
nhẽo
miễu
miêng
mình
nhênh	1
nình
miện
nhẹm
nhẹn
nhẹo
nhện
niệm
nhẹp
Ngẹt
miệt
nhẹt
nhệu
niệt
niệu
ngía
nhía
nhím
nhín
nhíp
nhít
nhíu
nghé
nghè
nghề
nghể
nghễ
nghen
ngheo
nghẹ
nghệ
nhiên	208
nhìn
Nhìu
nghêu	2
nhiêt
nhiêu	1
nghí
nghì
nghỉ
nghĩ
nghim
nghị
nghiu	1
nhỉu
nhĩn
nhinh	1
nhịn
nhịp
ngịu
nhịt
nhịu
niken
ngóc
ngốc
nhoá
nhóa
nhóc
nhốc
ngóe
nhoà
nhóe
mịch
ngoai
ngói
nhoai	13
nhói
nhối
nịch
ngoã
ngoam
ngoan	1
ngoao	1
ngoạ
ngoăn
ngóm
ngón
ngốn
ngớn
nhoam
nhóm
nhón
nhốn
nhớm
nhớn
ngóp
ngớp
nhóp
nhốp
nhớp
ngót
ngốt
ngớt
nhót
nhốt
nhớt
ngoay	21
nhoay	36
ngoé
nhoé
nhòa
nhoè
nhòe
ngòi
ngồi
ngời
nhồi
nhời
ngoem
ngoen
ngoeo
ngòm
ngòn
ngồm
ngồn
ngờm
nhoen	1
nhòm
nhòn
nhồm
nhồn
nhờm
nhờn
nhởi
ngỏm
ngỏn
ngổm
ngổn
ngởn
nhỏm
nhỏn
nhổm
nhổn
nhởn
ngõa
Ngỗi
ngõi
ngỡi
nhõi
ngỡn
nhõm
nhõn
nhỡn
Ngọa
ngọc
ngộc
nhọc
mịnh
ngong	46
ngông	93
ngợi
nhong	1
nhông	81
nhội
nịnh
ngọm
ngọn
ngộn
ngợm
nhọn
nhộm
nhộn
nhợn
ngộp
ngợp
nhợp
ngọt
ngột
nhọt
nhột
nhợt
ngúc
ngứa
nhúa
nhúc
nhức
nhúi
ngún
nhúm
nhún
ngút
ngứt
nhút
nhứt
nguây
ngừa
nhuế
nhừa
ngùi
nhùi
ngùn
nhuệ
nhùn
ngửa
ngủi
ngửi
nhủi
ngủm
ngủn
nhủn
ngũn
nhũn
ngụa
ngục
ngựa
ngực
nhụa
nhục
nhựa
ngườ
nguôi
ngưng	138
ngươi	129
nhung	3
nhụi
nhưng	214
Ngươn
ngụm
nhuôm	36
ngụp
ngụt
nhụt
nhựt
ngụy
nhụy
nguỳ
nguỵ
nhuỵ
mlời
nô-en
mơ-nê
mô-nô	1
mơ-nơ
mô-tô	66
mô-tơ	64
noãn
Móoc
móng
mống
nóng
nống
moayơ
model
modem
omega
mòng
mồng
nòng
nồng
môđun
mỏng
mổng
nổng
Môise
nỗng
moóc
mômen
money
nôộc
Noong
moong
mọng
mộng
nọng
morat
nơron
morse
môtip
Orăng
order
opera
ôpêra
organ
ôplêt
opset
núng
nứng
ôvăng
Nuêng
mùng
mừng
nùng
nừng
mủng
mửng
mững
nũng
nuốc
nước
ôtôca
ounce
muối
nuối
muốn
mướn
nuốm
mướp
muốt
mướt
nuốt
nướu
muồi
mười
muồm
mườn
nườm
mưởi
muỗi
muỗm
mưỡu
mược
nuộc
nược
muông	87
muội
mương	2
nuông	88
nương	134
nựng
muộn
mượn
nượp
mượt
nuột
ôxít
oxide
nylon
ozone
Pa-cô
sa-bô
ra-đa	67
Ra-đê
ra-đi
ra-đô	1
ra-gu	1
pa-nô	59
pa-tê	36
rách
sách
săảm
ráng
sáng
sánh
sắng
radar
radio
rađiô
Pàng
ràng
rành
rằng
sàng
sành
sằng
rảng
rảnh
sảng
sảnh
palan
rãnh
rẵng
Ralum
rạch
sạch
panel
rạng
rặng
sê-đa
sê-ri	103
pê-sô	1
rếch
pêđan
sêếu
rềnh
sềnh
rẻng
rểnh
sểnh
rệch
sệch
ri-an
si-đa	1
ri-đô	13
Si-ôn
ri-vê
phác
phắc
phái
pích
rích
phán
pháo
phấn
phắn
pháp
phấp
phắp
phát
phất
phắt
pháy
Phài
phàm
phàn
phào
phầm
phần
phải
phản
phẩm
phẩn
phẩu
phảy
phẩy
phẫn
phẫu
phạc
phang	68
phanh	130
phăng	2
sính
phạm
phạn
phạo
phận
piano
phập
phạt
phật
phéc
siếc
phép
phét
phết
riết
riếu
siết
phèn
phèo
riềm
phều
siểm
phễn
siễn
phễu
riễu
phênh
riêng	1
rình
siêng	100
sình
phẹt
phệt
phệu
riệt
phía
phím
phíp
phít
phìa
phidê
Phìn
phiên	3
phiêu	2
phìu
phịa
sigma
phinh	13
rỉnh
sỉnh
phịt
phịu
silic
rĩnh
phóc
phốc
phối
phới
rịch
sịch
phón
phớn
phốp
phót
phốt
phớt
Phời
phòi
phòm
phồm
phồn
phổi
phỏm
phởn
phỡn
phọc
phộc
phong	3
phông	120
phọp
phọt
phôtô
pirit
phúc
phứa
phức
phún
phút
phứt
phùa
phùn
phừn
phủi
phula
phục
phựa
phực
phung	91
phưng	49
phụp
phụt
phựt
riyal
pizza
plăng
Slìn
Plông
rô-đa
sô-đa	44
rô-đê
sô-de
rơ-le	43
sô-lô
Rô-ma
sơ-mi	62
pơ-mu	21
rô-ti	13
rô-to	33
sơ-vơ
smach
soái
soán
soát
soài
soàm
soàn
soải
sóoc
róng
rống
sóng
sống
soạn
soạp
roạt
robot
soạt
ròng
rồng
sòng
sồng
soẹt
rỏng
rổng
sổng
pôlip
rõng
rỗng
sõng
poóc
soóc
rondo
roneo
rônêô
Pọng
Pôông
rọng
rộng
soong	53
pound
Prâng
Prông
prong
ru-bi
su-le
pu-li	1
ru-lô	30
su-lơ
ru-pi	1
su-su	13
quác
quấc
quắc
quái
quán
quáo
quấn
quắm
quắn
quắp
quát
quáu
quất
quắt
suất
quáy
quấy
quài
quàn
quào
quần
quằm
quằn
quàu
quày
quầy
quải
quản
quẩn
quẳm
quẳn
quảy
quẩy
ruble
quẫn
quẫy
quạc
quặc
stand
quang	1
quanh	1
quại
quăng	1
rúng
súng
quạo
quận
quặm
quặn
quặp
quạt
quạu
quật
quặt
quạy
quậy
sucre
quark
quart
stato
quéc
quén
quéo
quến
quét
quết
quếu
quèn
quèo
quền
quều
queng
rùng
rừng
sùng
sừng
quẹn
quẹo
quện
quẹt
quệt
stick
quít
rủng
rửng
sủng
sửng
quịt
suite
sũng
sững
puốc
quốc
rumba
ruốc
rước
Quới
ruối
rưới
suối
rướm
rướn
quớt
ruốt
suốt
sưót
sướt
ruồi
rười
quờn
rườm
rườn
sưòn
sườn
ruổi
rưởi
sưởi
quởn
rưỡi
Puộc
rụng
rương	99
rượi
rựng
suông	107
sương	138
sựng
ruộm
rượn
ruột
rượt
rượu
sượt
quota
rupee
supde
suplơ
quýt
quýu
suýt
quyên	128
quỵp
quỵt
suỵt
pyrit
u-mua
u-ran
ta-ca
ta-bu
va-li	53
ta-lư	1
va-ni	1
ta-pi
ta-rô
va-rơ
ta-tu
tách
vách
táng
tánh
váng
vánh
vắng
tăcte
tăcxi
tàng
tành
tầng
tằng
vàng
vành
vầng
vằng
taiga
tảng
vảng
vảnh
vẳng
vãng
vãnh
tạch
vạch
tango
tạng
tạnh
tặng
vạng
vạnh
vanxơ
Tareh
varơi
Tbuăn
tay-ơ
tê-lê
tê-nô
tếch
vếch
vecni
vectơ
tèng
tềnh
tểnh
vểnh
telex	54
tễnh
tenge
verst
vetxi
ti-cô
vi-da
vi-la	13
ti-ra
Ti-rơ
ti-pô	1
ủ-su
ti-vi	68
thác
thắc
thach
thái
tích
vích
thám
thán
tháo
thấm
thắm
thắn
tháp
thấp
thắp
Thát
tháu
thất
thấu
thắt
tháy
thấy
thài
thàm
thào
thầm
thần
thằn
thầu
thày
thầy
thải
thảm
thản
thảo
thẩm
thẩn
thẳm
thẩu
thảy
thẩy
thãi
thẫm
thẫn
thạc
thang	1
thanh	1
thăng	157
tính
vính
thạo
thậm
thận
thạp
thập
thật
tiếc
tiếm
tiến
thép
thếp
tiếp
thét
thết
tiết
tiếu
viết
thèm
thèn
thèo
thềm
tiềm
tiền
video
viền
thều
tiều
Thẻn
Tiẻn
thẻo
tiển
viển
thểu
tiểu
tiễn
viễn
tiễu
tiệc
việc
Viêng
thênh	84
tiêng	69
tình
thẹn
thẹo
thện
tiệm
tiện
viện
thẹp
tiệp
Việt
tiệt
tiệu
theta
thêta
tiêù
thía
thím
thín
thíp
thít
thìa
thiêm	70
thiên	2
thìn
thiêu	126
thìu
thỉu
thinh	90
tỉnh
tigôn
thịt
thịu
thhủ
villa
tĩnh
vĩnh
thoá
thóa
thóc
thốc
thoà
Thới
thoai	98
thoả
thói
thối
tịch
thoã
thoăn	75
thóm
thốn
thớm
thóp
thốp
thót
thốt
thớt
thòa
thòi
thồi
thời
thờl
thòm
thồm
thồn
thờm
thờn
thỏa
thỏi
thổi
thỏm
thổn
thõa
viola
thõm
thỗn
thọc
thộc
thong	1
thọi
thông	214
tịnh
vịnh
thộn
thộp
thọt
thột
thợt
visco
virus
thúc
thức
thúi
titan
vitcô
thút
thúy
thuế
thùa
thừa
thuể
thùi
thừi
thùm
thùn
thùy
thủa
thửa
thủi
thủm
thủy
thục
thực
thung	135
thuở
thụi
thưng	60
thuôn	2
thụp
thụt
thụy
thuý
thuỳ
thuỷ
thuỵ
vixcô
tlộm
vô-lê	46
Tơ-lô
to-nô
tô-nô
tô-pô	26
toác
toái
toán
toát
toáy
toài
toàn
toản
tớim
toạc
toang	85
toanh	84
toại
tống
uống
vóng
vống
toét
toefl
toèn
tòng
tồng
vòmg
vòng
vồng
toẹt
voice
tỏng
tổng
uổng
vỏng
vổng
tolar
võnc
tõng
tỗng
võng
toóc
voọc
Toong	54
tọng
vọng
tơrơt
totem
tôtem
Tnưng
trác
trắc
trái
trám
trán
tráo
trấn
trắm
tráp
trấp
trát
trất
trấu
trắt
trài
tràm
tràn
trào
trầm
trần
trằm
trằn
tràu
trầu
trày
trầy
trải
trảm
trản
trảo
trẩm
trẩn
trảu
trẩu
trảy
trẩy
trãi
trẫm
trạc
trặc
trang	202
tranh	2
trại
trâng	26
trăng	1
urani
trạm
trạn
trạo
trậm
trận
trặn
trập
trạt
trật
trạy
tréc
trém
tréo
trét
trết
trếu
trèm
trèn
trèo
trẻo
trển
trẽn
trẽo
Treng
Trẹm
trẹo
trẹt
trệt
trệu
Tría
trít
tríu
triêu	59
trìu
trỉa
trĩu
trịa
triod
trinh	139
trịt
tróc
trốc
Trới
trói
trối
tróm
trốn
trớn
trớp
trót
trốt
trớt
tròi
trồi
trời
tròm
tròn
trờm
trờn
trỏi
trổi
trỗi
trõm
trõn
trọc
trộc
trong	242
trọi
trông	3
trội
trọn
trộm
trộn
trợn
trọt
trợt
trúc
truân	87
trúm
trút
trừa
trùi
trùm
trùn
trừu
trũi
trụa
trục
trực
Trươi
trung	204
trụi
trưng	170
trụm
trụn
trụp
trụt
trụy
trust
truỵ
tuấn
tuất
tuần
tuẫn
túng
tùng
từng
vùng
vừng
Tủng
tửng
vửng
tulip
vũng
vững
tuốc
tước
tưới
tuốn
tướn
tướp
tuốt
tướt
vuốt
tuồi
tuồn
tườm
vườn
tườu
tươì
tuổi
tưởi
vưỡn
tuộc
tược
vược
tuông	103
tụng
tương	1
vuông	1
vụng
vương	3
vựng
vượn
tượp
tuột
tượt
vuột
vượt
Tupsa
tuy-ô	1
tuýp
tuýt
tuyên	1
uýnh
uyển
uỳnh
uỵch
uytky
xa-bô
xa-lô
xách
xáng
xắng
xàng
xành
xằng
xảnh
Wales
xẵng
xạch
xê-ri	71
zê-rô
zê-ta
xếch
xèng
xềnh
xẻng
xểnh
yểng
xệch
xenlô
xenon
xenti
xi-đa
xi-lô
xi-nê	21
xi-ôn
xi-rô	59
xi-ta
xích
xính
xiếc
xiến
xiết
xiếu
xiền
xiều
xiểm
xiển
xiệc
xình
xỉnh
xilip
xĩnh
xịch
zloty
xô-đa	1
xoác
xoắn
xoát
xoáy
xoài
xoàm
xoàn
xoải
xoẳn
xoạc
xoang	118
xóng
xống
xoạt
xơcua
xoét
xoèn
xòng
xồng
xoẹt
xỏng
xổng
xõng
xonat
xônat
xoong	96
xôpha
xuất
xuẩn
xtăng
xúng
xứng
xúyt
xùng
xừng
xủng
xửng
xước
xtốp
xười
Zuoih
xược
xụng
xương	2
xượi
xuộm
xượt
xupap
wushu
xtucô
xuýt
xuyên	1
xuynh	1
xuỵt
a-dốt
a-dong
a-léc
a-măng
a-míp
a-nốt
a-rập
a-văng
a-xít
a-zốt
ca-cao	33
ca-bin	56
ba-dan	21
ca-men
ba-ren
ba-tú
ba-tui
ba-zan
ba-xí
cacbin
cacbon
cacbua
cacten
cà-ri
càfé
cafein
badôca
acetic
aceton
cẳón
balboa
ballad
balông
calory
can-ke
can-kê
ban-me
cao-su	49
can-xi	71
camera
băngca
canông
áp-xe
carbin
basalt
carbon
carate
carbur
casino
barrel
casset
cartel
catáp
catalô
caught
batinê
cathod
cation
batket
catket
batrui
catxet
cd-rom
becgiê
centi-
benzen
bêtông
bi-tum	1
chách
cháng
chánh
chàng
chành
chằng
chảng
chảnh
chẳng
Bhallê
chạch
chạng
chạnh
chặng
Champa
Chămpa
chếch
Chéng
biếng
chếnh
chềnh
chẻng
chểnh
chễnh
chệch
biđông
chệnh
chích
chính
chiếc
chiếm
chiến
chiếp
chiết
chiếu
chiền
chiều
Chiển
chiểu
chiệc
chiêng	1
chình
chiện
chỉnh
chĩnh
chịch
Chơ-ro
Chơ-ru
choác
choắc
choái
choán
choắt
choài
choàm
choãi
choạc
choang	64
choại
chóng
chống
choạp
choét
choèn
chòng
chồng
choẹt
biogas
chỏng
chổng
chõng
Chơnam
bismut
biptêt
Chu-ru
chuẩn
chúng
chứng
bitcôt
chùng
chừng
chủng
chửng
chững
chuốc
chước
chuối
chuốt
chuồi
chuồn
chườm
chưởi
chuỗi
chuộc
chược
chuông	3
chuội
chương	2
chựng
chượp
chuột
chuyên	2
CHXHCN
Albani
cli-sê
clinke
clorat
clorua
blu-dơ
alumin
co-ban	1
cô-ban	21
bô-bin
an-bom
an-côn
an-bum
Cơ-don
an-gin
cô-lôn
cô-nic
an-pha	1
co-sin
cô-sin
am-pli
cơ-rôn
am-pun
ăm-pun
an-ten	39
bobbin
cocain
côcain
cobalt
cờ-lê
bờ-lu
cò-mi
codein
anđôza
ăng-ga
ăng-lê
anh-te
cỏ-vê
amiăng
amiant
amiđan
ăngten
cologa
bom-bê
com-lê	50
bon-nê
com-mi
com-pa	39
com-pô
Côống
boóng
coóng
anofen
bơngai
côngtơ
consol
contac
ampere
cosine
corpus
cotang
côtang
côtông
cotton
coyote
Braian
apatit
credit
cri-kê
crickê
bromua
cu-lit
cu-roa	39
cu-pôn
cu-ron
Âu-tây
cua-rơ	49
cuaroa
cưđịa
bulông
culong
culông
cướì
buống
bướng
cuống
cướng
buồng
cuồng
cuờng
cường
bưởng
bunker
cưỡì
cưỡng
cuộng
bupphê
buy-rô
axetic
axeton
axêtôn
e-líp
ê-kíp
ê-líp
e-mail
ê-pông
da-guơ
dacron
dalasi
ebonit
darwin
ét-xe
fatxit
Eczêma
đê-ông
Debian
đề-ca
đề-bô
đề-pa
đề-pô
đề-xi
đen-ta
Di-đà
đi-ốp
đi-ốt
dicdăc
điếng
diềng
diesel
điezen
điêzen
đinamo
dịệp
địnnh
dioptr
dioxin
đioxit
dirham
đivăng
florin
florua
en-dim
dô-kề
fo-mon
fo-rin
en-zim
doàng
doành
đoàng
đoành
đoảng
doãng
đoãng
doạng
đờ-mi
emetin
dollar
domino
đôminô
doping
forint
format
formol
đơteri
enzyme
escudo
euclid
duềnh
đuềnh
đuểnh
đuễnh
dướỉ
dướng
đuống
dường
Đuờng
đường
dumdum
đumđum
dưỡng
dượng
đuy-ra
đuých
etxăng
duyện
duyệt
etylen
dynamo
I-đít
i-ô-ga
i-ô-ta
i-nốc
H'mông
I-rắc
ga-len
ga-lon
ga-men
hacker
hađrôn
galăng
galena
gallon
gam-ma
garden
Hawaii
Hê-brơ
hécta
helium
gemani
Geneva
heroin
hêrôin
Hđrung
hi-đrô
gic-lơ
giáng
giắng
giàng
giành
giằng
giảng
giảnh
Gialai
giạng
Giê-su
Giê-xu
ghếch
giếng
hiếng
gìặt
ghềnh
giềng
giềnh
ghểnh
hìinh
ghễnh
ghệch
ghi-sê
ghi-ta	73
ghính
ghiếc
ghiền
ghình
Hin-đi
Hin-đu
gioăng
gióng
giống
giòng
giồng
giỏng
gioong
giọng
giu-đô
giuộc
giương	98
glôcôm
glu-cô
glucid
gluxit
Gơ-lar
hoáng
hoánh
hoắng
Hoằng
hoàng
hoành
hoảng
hoảnh
hoãng
hoẵng
hoạch
hoạnh
hocmon
gòong
goòng
gôrila
hormon
interj
gothic
gourde
granit
Israel
huếch
guđron
guitar
huống
hướng
guồng
gường
hường
guổng
hưởng
gưỡng
gượng
huých
huyết
huyền
huyễn
huỳnh
huyện
huyệt
huỷnh
huỵch
hy-đrô
la-dơn
la-đơn
la-ghe
la-mã
ja-ven
lacooc
Lai-Đa
Lai-Ly
kalium
lam-đa
lambda
lanhtô
kaolin
karate
laptop
lavabo
lavabô
Latinh
lay-ơn	26
lazăng
Lê-nin	13
kê-môn
Jê-sus
kelvin
kenvin
ki-lộ
ki-ốt
ki-nin	1
li-thi
li-vrê
kí-lô
khách
Libăng
kháng
khánh
khắng
khàng
khành
khầng
khằng
khảch
khảng
khảnh
khẳng
khạch
khạng
kiếng
liếng
Liềng
khèng
khềnh
kiềng
khểnh
kiểng
liểng
khễnh
kiễng
khệch
khệnh
liệng
khích
khiếm
khiến
khiếp
khiết
khiếu
khiền
khiển
khiêng	98
khỉnh
khĩnh
Khơ-me
khoác
khoắc
khoái
khoán
khoắm
khoắn
khoát
khoắt
khoáy
khoào
khoằm
khoải
khoản
khoang	3
khoanh	116
khống
khoặm
khoén
khoét
khoèo
khoẻo
khòng
khỏng
khổng
Khoong
kimono
Khơmụ
khuất
khuấy
khuẩn
khuâng	90
khúng
khứng
khuều
khùng
khừng
khủng
khửng
khước
khướt
khướu
khuông	81
khụng
khương	79
khựng
khượt
khuýp
khuyên	3
khuỷu
khuynh	126
khuỵu
khyển
lô-can	1
lô-gic
loách
loáng
loàng
loằng
loảng
loãng
loạch
loạng
lò-xo
loẻng
Jordan
koruna
luống
lướng
luồng
lưòng
lường
lưởng
lưỡí
lưỡì
lưỡỉ
luỗng
lưỡng
lượng
luých
luýnh
luyến
luyện
kwacha
Lybăng
kwanza
m'nhum
M'nông
ô-văng
o-xít
ô-xít
o-xýt
ma-gie
ma-giê	56
ma-men
ma-nhi
na-pan	13
na-tri	1
Máccô
mácma
mắcma
macxit
malanh
maltos
man-tô
mangan
maníp
măngđa
măngtô
napalm
markka
mastic
Martin
marxit
Mâu-ni	39
matít
Mathiơ
mattit
may-so
me-don
nê-ông	26
Nê-pan
me-tan
mê-tan	41
me-xừ
mèềm
needly
office
offset
Mêkông
neuron
newton
mi-crô
ni-ken	26
ni-lon	36
ngách
nhách
ngáng
ngánh
nháng
nhánh
nhắng
ngàng
ngành
ngầng
nhàng
nhành
nhằng
ngảng
ngảnh
ngẩng
ngẳng
nhảnh
nhẳng
nickel
ngãng
ngẫng
ngẵng
nhãng
nhẵng
ngạch
ngạng
ngạnh
ngậng
nhạng
nhạnh
nhặng
micron
ngếch
nhếch
miếng
niềng
miểng
miêlin
niễng
ngệch
nhệch
miệng
nhích
nghãi
nhính
nhiếc
nghén
nghến
nhiếp
nghét
nhiết
nghèn
nghèo
nghền
nghều
nhiều
nghẻn
nghẻo
nghển
nghểu
nhiểu
nghẽn
nghẽo
nhiễm
nhiễn
nghễu
nhiễu
nghêng
nghênh	2
nghẹn
nghẹo
nghệm
nghện
nhiệm
nghẹt
nghệt
nghệu
nhiệt
nghía
nghiã
nghít
nghiêm	2
nghiên	2
nghìm
nghìn
nghiêu	39
nghỉm
nghỉn
nghỉu
nghĩa
nghinh	75
nhỉnh
nghịt
nghịu
milli-
nilông
ngoác
ngoắc
ngoái
ngoáo
ngoáp
ngoắt
ngoáy
nhoáy
ngoài
nhoài
ngoàm
ngoằn
ngóeo
nhoàm
ngoải
ngoảm
ngoẳn
ngoảy
ngoẩy
ngoãn
ngoạc
ngoặc
ngoang	1
ngoại
ngoăng
ngóng
nhoang	13
nhóng
ngoạm
ngoạn
nhoạm
ngoạp
ngoạt
ngoặt
nhoạt
ngoạy
ngoém
ngoén
ngoéo
ngoét
nhoét
ngoèo
nhoèn
ngồí
ngoẻm
ngoẻn
ngoẻo
nhoẻn
ngòng
ngồng
nhòng
nhồng
ngờõ
ngoẹo
nhoẹt
ngỏng
ngổng
nhỏng
nhổng
ngõng
ngỗng
nhõng
Ngoong
ngọng
nhộng
nhuần
nguầy
nguẩy
ngúng
ngứng
nhúng
nhuận
nguậy
ngùng
ngừng
nhùng
ngủng
ngửng
nhủng
nhửng
ngũng
nhũng
những
ngước
nhuốc
ngưới
nhuốm
nhướn
nguồi
người
Nhuồn
nguồn
ngươí
ngược
nhược
nguội
nhụng
nhương	64
nhuộm
nitrat
nitric
niutơn
nguýt
nguyên	1
nguỷu
õbăng
mluộm
mô-bin
mô-đem	21
mô-đen	13
mô-đun	96
ôm-kế
Mơ-nâm
mô-men	96
mơ-nuy
mo-ran
nơ-ron
mớmớ
moay-ơ	30
môđéc
modern
module
mnhời
online
nom-mê
monome
mophin
nơtron
nơtrôn
Muggle
muống
nướng
Mường
muồng
nường
muỗng
ôtômat
ôtôray
output
oxygen
Pa-dí
pa-nen
sa-van	13
sa-ten
Pa-xtơ
sắác
scaner
radian
rađian
radium
rađium
sẵắn
palăng	13
pan-ca
ran-đơ
pan-me
sam-pô
pan-tô
sặạt
săngta
patanh
patent
patinê
Paulus
pê-đan	30
se-ken
rê-vây
pen-xơ
senlăc
peseta
return
pi-gia
si-lic
pi-nhê
pi-rin
Rha-đê
pha-lê	13
phách
phàng
phành
phảng
phẳng
phạch
picnic
Phặng
phạng
phe-pa
Phê-rô	1
phếch
phéng
phèng
phềnh
riềng
siểng
shekel
phệnh
phi-dê
phi-lê	26
phi-lu
phích
phính
phiếm
phiến
phiết
phiếu
phiền
phình
phiện
phiệt
phiệu
Phierơ
phỉnh
phĩnh
phịch
Phlắc
pijama
Phlạo
silica
phô-nô
phô-tô	36
phóng
phòng
phồng
phổí
sinhll
phỏng
phổng
phỗng
phoóc
phọng
phộng
photon
phrăng
siphon
phu-la	1
phúng
phùng
phừng
phủng
phũng
phước
phướn
phuồm
phưỡn
phược
phụng
phương	203
phượt
phượu
plasma
platin
Pleiku
Rơ-măm
sô-pha	33
rơ-tua
Roàng
soảng
rocket
rôcket
sôcôla
soạng
rờ-ve
polime
pơluya
son-nê
sonata
roòng
rôngđô
sonnet
rơmooc
Poọng
sôpphơ
sôvanh
priori
protid
proton
prôton
sta-to
quách
quáng
quánh
stacte
quàng
quành
quầng
quảng
quẩng
quẳng
quãng
quẫng
quạch
quạng
quạnh
quặng
stator
quếch
quếnh
quềnh
quệch
quệnh
stereo
quích
quình
quinin
rulết
sulfat
sulfur
rum-ba
quoắt
sướng
sunfat
ruồng
rường
suồng
sường
sunfua
Sưởng
quởng
ruỗng
ruộng
rượng
sượng
stress
rupiah
studio
quých
quýnh
quyến
suyến
quyết
quyền
suyền
quyển
suyển
suyễn
quỳnh
quyện
quyệt
quỷnh
quylat
pyjama
pyrite
ta-luy
ta-nin	21
va-rơi
vaccin
vacxin
Tà-ôi
tai-ga
vagông
talông
van-xơ	1
tananh
tăngbo
tănggô
tăngsê
tannin
tatăng
Ubuntu
TCYTTG
ve-xta
vec-tơ
vécni
véctơ
vector
tennis
vernis
ti-dôn
ti-gôn	26
ti-len
vi-scô
ti-tan	13
vi-xcô
tia-ra	1
tí-te
thách
tháng
thánh
thắng
Thàng
thành
thằng
tichkê
thảng
thảnh
thẳng
thạch
thạnh
thặng
thê-ta
thếch
tiếng
viếng
tiềng
thểnh
Viêtic
thích
thính
thiếc
thiến
thiếp
thiết
thiếu
thiềm
thiền
thiều
thiểm
thiển
thiểu
thiêng	139
thình
thiện
thiệp
thiệt
thiệu
thỉnh
thịch
thịnh
thoái
thoán
thoát
thoắt
thoàn
thoải
thoang	87
thoại
thống
thoạt
thòng
violet
thõng
violon
Thơmây
VISCII	26
Thuấn
thuần
thuẩn
thuẫn
thúng
thuận
thuật
thùng
thừng
thửà
thủng
thửng
thũng
thững
thuốc
thước
thuốn
thuốt
thướt
thuồi
thười
thuồn
thườn
thuổc
thưỡi
thuỗn
thưỡn
thuộc
thươnc
thược
thuông
thuội
thuơng
thụng
thương	201
thuộm
Thuột
thượt
thuyên	2
tô-giơ
Tô-Tân
tô-tan
tô-tem	1
toáng
toàng
toạng
tò-he
tờ-rô
toilet
vôlăng
ton-nô
Vôn-ta
toòng
tôngđơ
tơrưng
trách
tráng
tránh
trắng
tracom
tràng
trành
trằng
trảng
trảnh
trẳng
trạch
trạng
trạnh
trếch
trếnh
trêfin
trệch
trích
trính
triến
triết
triền
triều
triển
triêng	41
trình
triện
triệp
triệt
triệu
trĩnh
trịch
trịnh
upload
tróng
trống
tròng
trồng
troẹt
trỏng
trổng
Troóc
troốc
trọng
trộng
truất
trúng
trứng
truật
trùng
trừng
trủng
trửng
trũng
trước
Truồi
trườn
truông	51
trụng
trương	2
truột
trượt
truýp
tu-bin
tuabin
tuavit
tuếch
tuềnh
tuệch
tướng
vướng
tuồng
tường
tưởng
vưởng
tượng
vượng
turbin
tuyến
tuyết
tuyền
tuyển
tuyệt
tuynen
uy-mua
Y-lơng
xa-ten
xalông
xamôva
xatanh
xe-non
xê-non	1
zê-non
xê-tôn
xêcăng
xelulo
xen-lô
xen-ti
xemina
zeolit
xi-nhê
xi-ren
xi-vin
xichlô
ziczac
xiềng
xiểng
xifông
xilanh
ximăng
xinhan
Xla-vơ
xơ-cua	1
xo-nat
xô-pha
xoàng
xoành
xoảng
xoạch
xoạng
xoẻng
xon-nê	1
xôviêt
xú-ve
xta-to
xuềnh
xuệch
Xtiêng
xuống
xướng
xuồng
xường
xuổng
xưởng
xượng
xtrết
xtu-cô
xuyến
xuyết
-vie-n-
a-giăng
a-ma-tơ
a-mi-nô
a-ni-ôn
a-ti-sô	21
a-tlát
a-vô-ca
a-tu-la	13
a-xphan
Ca-dong
ba-gác
ba-lát
ca-líp
ba-lông
ca-níp
ca-nông
ba-ri-e	21
ca-pốt
ca-táp
ca-vát
Ca-tang
ba-tanh
ba-tăng
ca-vét
ca-tốt
ba-trui
ắc-qui
ác-quy
ắc-quy
ác-ten
cắc-tê
các-tơ
cácbon
cácbua
ăccoóc
cát-mi
cát-sê
bát-tê
bắt-tê
cát-xê
cactông
cà-rem
cà-phê
caffein
cadmium
acetone
calcium
bakelit
calibre
ballast
ban-giô
căn-tin	33
Can-tua
bancông
candela
băng-ca	13
căngtin
caolanh
áp-phe
abscess
caravat
bariông
cathode
batoong
catwalk
bazooka
bê-tông	83
afghani
celsius
ben-den
ben-zen
benzene
bi-đông	1
Cha-cú
bichcôt
bichquy
Chăm-rê
chạồm
bít-kê
Châu-ro
chiếng
chiềng
chlorat
chlorur
Chơ-rai
choáng
choàng
choảng
choạng
binđinh
chòong
choòng
bismuth
chuếch
chuếnh
chuểnh
chuệch
chuệnh
chướng
chuồng
chường
chưởì
chưởng
chưỡng
chuộng
chuyến
Chuyết
chuyền
chuyển
chuyện
albumin
aldehyd
clin-ke
clinker
clo-rua
almanac
Blowing
an-két
bô-ling
Bơ-mấm
Co-răng
cô-sông
co-tang
cô-tang
cô-tông
bô-xít
bốc-xơ
anbumin
Cờ-rao
bờ-rôm
anđehit
codeine
còm-mi
Ameriđi
cổ-dề
Anh-Mĩ
ăng-ten	90
angorit
bolivar
bôm-bay
com-bin
Con-kde
com-plê
anmanac
công-ta
công-tơ	39
công-xi
côngxon
commăng
boongke
cọp-dê
compact
compass
console
cordoba
anphabê
antimon
coulomb
amygdal
bowling
apatite
bro-mua
Armenia
bromure
arsenic
asphalt
apphich
aspirin
Bru-Vân
Bu-Đâng
cu-lít
bu-lông	44
cu-lông
cu-pông
cua-roa	26
cua-ron
búp-bê
bù-ét
Bulgari
Bungari
atropin
automat
ê-tuýt
ếch-ta
dạ-xoa
đăngten
ebonite
ép-phê
ét-xte
đaunỗi
fe-rít
đêcamet
decibel
đét-xe
đề-can
êđê-êga
fenspat
đexiben
đi-văng	13
đinamit
dinh-tê	1
điôxít
ellipse
flo-rin
flo-rua
Florida
fluorur
en-líp
đô-ping
đô-pinh
fo-xép
đốc-tơ
emetine
folklor
fon-clo
forceps
formica
entropi
entropy
drachma
epsilon
đúp-lê
ethylen
đum-đum
đuya-ra
dynamit
ha-đrôn
ga-lăng	46
ga-lông	21
hác-pơ
gabađin
Hà-lan
gallery
halogen
găng-tơ	26
găngxtơ
héc-ta
héc-to
hè-thu
gelatin
hematit
Gia-rai
gia-ven
híp-pi
gigabit
ghiđông
ghin-de
gioàng
Giơnevơ
hipebol
giướng
giường
giượng
glaucom
glô-côm
glu-xit
glucide
glucose
include
gờ-ram
hôligân
gorilla
hormone
insulin
granite
granito
graphit
Grê-goa
hryvnia
guarani
guilder
hypebol
la-ghim
ja-két
la-mát
La-oang
la-sát
la-vầy
la-tinh	46
lắc-lê
káp-pa
lát-ti
lát-xê
Kan-tua
lanh-tô
lăng-xê	54
lập-bô
lạt-ma
karaoke
lay-dơn
Légion
ken-vin
leninit
lêninit
lempira
Li-băng
li-pít
li-xăng	26
licence
kíp-lê
lít-xê
khiểng
khiễng
khiệng
kilobit
kilogam
kilôgam
kilooat
kilomet
Khơ-mú
khoáng
khoắng
khoành
khoảng
khoảnh
khoạng
Khôống
khuắng
khuếch
lithium
khưởng
khưỡng
khuyến
khuyết
khuyển
khuyênh
khuỳnh
khuỷnh
lô-cốt
lô-cút
lô-gíc
lốc-kê
lôgarit
Ku-oát
lu-pút
Lù-Hà
Ly-băng
ô-mê-ga
ô-pê-ra	1
ô-tô-ca
ma-bùn
ma-dút
ma-lát
ma-két
ma-ki-ê
oa-lít
ma-măng
ma-níp
ma-nớp
ma-mút
ma-phăm
ma-rông
ma-tít
mác-ca
Mác-Lê
mác-ma
nát-ri
mát-xa
magazin
magneto
Mã-lai
malthus
maltose
Nam-Đà
măm-den
Nam-hạ
man-gan	1
nam-kha
Nam-kì
mạc-sê
măng-ca	1
măng-đa
măng-tô	30
manheto
maniven
mammuth
mantoza
massage
marxist
natrium
mê-đi-a
me-dông
mề-đay
offline
megabit
men-ton
menthol
metical
methane
methoxy
neutron
mi-cron
ổ-líp
ni-lông	70
ni-trat
Nha-Kẻ
nicotin
nghếch
nghềnh
nghểnh
nghễnh
nghệch
nghiến
nghiền
nghiễm
nghiêng	2
nghiệm
nghiện
nghiệp
nghiệt
nghỉnh
nghĩnh
nghịch
nghoéo
nghoét
nghoèo
Mĩ-Phi
ngoách
ngoắng
nhoáng
ngoằng
nhoàng
nhoằng
ngoảng
ngoảnh
ngoẳng
ngoẵng
ngoạch
nhoạng
mistake
niu-tơn
nguếch
nhuếnh
nguệch
nhướng
ngườí
ngườì
ngường
nhường
ngưởng
ngưỡng
nhưỡng
ngượng
nhượng
nitrate
mittinh
nguých
nguyền
Nguyễn
nhuyễn
nguyện
nguyệt
olimpic
olympic
mô-đéc
ôm-lét
mơ-lông
mo-rát
mô-rát
mô-típ
nơ-tron	1
nốc-ao
Móc-xơ
oócgan
mobilet
môbilet
mocphin
nốt-xê
omicron
mnhuộm
Môn-Khơ
moocchê
mông-ta
monomer
montage
morasse
morphin
ơristic
optimal
nucleon
mù-soa
ouguiya
Ra-clay
ra-đi-ô	33
Ra-glai
Ra-glây
sa-lát
pa-lăng	21
pa-lét
ra-két
Pa-leng
sa-lông	1
pa-pi-ê
pa-tanh	33
pa-tăng	13
sa-tanh	26
rắc-co
pác-lơ
sắc-xô
sacarin
scanner
rát-tê
sát-xi
sà-lan
săm-pan
sâmbanh
săng-ta
păng-xê
panh-xô
samovar
parabol
Patơnôt
ray-ông
péc-mi
sét-ti
penalty
seminar
pi-a-nô
si-líc
si-linh	26
pi-lốt
pi-pét
pi-rít
ríp-pê
phatxit
phê-non
phi-brô
phi-lao
phi-nan
silicat
phô-mai	50
phô-tơi
pho-ton
rinh-tê
sinhcó
ringgit
phospho
photpho
phướng
phường
phượng
pittông
pla-sma
pla-tin
plastic
platine
rô-bốt
pô-líp
sô-lít
pơ-luya	1
sô-nát
rô-nê-ô	13
pô-sét
pô-tát
sô-vanh
poa-nha
poa-nhê
robotic
rớt-xo
rờ-tua
polymer
rơn-gơn
poóctô
rông-đô
rôngđen
rơnghen
rontgen
soupape
Srêpốk
prô-tit
prô-ton
prô-tôn
pronoun
protein
proverb
protide
Su-đăng
ru-lét
ru-pi-a
súp-de
súp-lơ
starter
rufiyaa
quetzal
sulfate
sun-fua
quoàng
quoạng
quuyết
quy-nin
u-ra-ni	26
va-gông
ta-lông	33
ta-nanh	1
ta-tăng
Tác-ta
tắc-te
tắc-xê
tắc-xi
táp-lô
vao-chơ
vao-trơ
tăng-bo	1
tăng-đơ	1
tăng-gô	21
tăng-mo
tăng-sê
văng-tê
tăng-xê	1
vanilla
tăngxin
vaselin
tây-nam	36
vazơlin
vê-lanh
tê-lếc
véc-ni
véc-tơ
vét-xi
teletyp
Têkônđô
vẹc-ni
version
tetanos
têtanôt
vettông
vi-đê-ô	1
vi-rút
thảẳm
thiềng
thoáng
thoắng
thoảng
viôlông
Thoòng
vinylon
Thu-lao
vitamin
thướng
thuồng
thường
thuổng
thưởng
Thưọng
thượng
thuyết
thuyền
vơ-đét
Tơ-đrá
Tơ-hung
vô-lăng	83
tô-mát
tơ-năng
Tơ-ring
tơ-rớt
tơ-rưng
tốc-kê
tờ-ram
unicode	90
volfram
von-kế
vonfram
tông-đơ	1
tra-côm
uranium
tri-ốt
triềng
triệng
trompet
upsilon
trướng
Trường
truồng
truờng
trưởnc
trưởng
trưỡng
truộng
trượng
trumpet
truyền
truyện
tu-gric
Tu-vang
tua-bin	77
tú-xơn
tughrik
Vũ-môn
tulơkhơ
tuôcbin
uýt-ki
x-quang
xa-lát
xa-lông
xa-phia
xa-tanh	13
xa-tăng
Xá-Cao
xabôchê
xà-lan
xà-lim
xà-lù
xen-tim
xenlulô
xerenat
xi-lanh	90
xi-líp
xi-măng	74
xi-nhan	64
xi-téc
xi-tẹc
xì-gà
Yiddish
Windows
xiphông
Xơ-đăng
Xơ-lang
xô-lít
xo-nát
xô-nát
xơ-ranh
Xơ-teng
wolfram
xpen-xe
Xrêpốc
Xu-đăng
xu-páp
xúp-de
a-ba-toa
a-đê-nin
A-di-đà
A-đi-xơn
a-lu-min
a-mi-ăng	1
a-mi-đan	1
a-ni-lin	1
a-ni-ông
a-ta-tin
a-xê-tic
a-xê-ton
a-xê-tôn	1
ca-bi-nê
ca-đi-mi	1
ba-dô-ca	1
ca-li-cô
ca-li-tê
ca-na-pê
Ac-mê-ni
ca-me-ra
ca-mê-ra	33
Ba-ra-đi
ca-ra-te	1
ca-si-nô	13
ca-ta-lô	21
ba-tê-sô
ba-ti-nê
ca-ti-on
ca-ti-ôn
ba-toong	13
ác-bít
ắc-cóc
các-bin
các-bon
các-bua
các-ten
các-xtơ
cacbonat
cacbonic
cà-mèn
cà-rốt
cà-vạt
bành-tô
acetylen
bakelite
cao-bồi
ban-công	44
cao-đài
cao-lanh
băng-giô
băng-rôn
căng-tin	33
canhkina
camnhông
acmonica
carbonat
carbonic
caravát
cassette
át-lát
át-phan
câu-rút
át-xít
be-ri-li
béc-giê
cellulos
bi-da-ma
bi-ki-ni
bít-quy
chlorate
chlorure
bin-đinh
chủ-vị
CHXHCNVN
cla-vét
alcaloid
clanh-ke
clarinet
alkaloid
clo-rát
almanach
alphabet
blu-dông
cô-ca-in	1
An-ba-ni	1
cô-đê-in
cô-nhắc
Bô-nô-đi
Bơ-noong
cô-pếch
bơ-rơ-vê
cô-ti-dê
bốc-can
cốc-tai
cốc-tay
ancaloit
cocktail
cốp-pha
bốt-can
cốt-pha
bốt-tin
coctison
Cồ-đàm
cờ-lếp
cờ-rếp
bồ-tạt
ăng-kết
colophan
com-măng
com-mốt
com-pắc
boóc-đô
coóc-nê
boóc-tê
coóc-xê
concerto
confetti
bông-bay
công-cua
công-pho
công-toa
công-voa
công-tôn
công-xây
bông-xoa
công-xon	13
công-xôn
côngtắc
côngtenơ
commando
boong-ke	54
ammoniac
computer
continum
conxecto
anpha-bê
Cornwall
cortison
corunđum
antimony
antraxit
amygdala
apacthai
críc-kê
crô-mít
armonica
cu-soong
búp-phê
atmosphe
atropine
buy-vét
axetilen
ê-bô-nit
e-me-tin
e-mê-tin
ê-mê-tin
ê-mun-xi
e-ti-len
ê-ti-len
e-xen-đô
Đa-ni-ên
Đác-uyn
đăng-ten	30
đạt-lai
ét-xăng
đề-mác
đề-sạc
feldspat
fen-spat
festival
đêximét
đi-ê-den
đi-ê-zen
đi-ô-xin	30
đi-na-mô
dích-lơ
đíp-lôm
đít-cua
Điện-Lô
election
electron
đô-mi-nô	1
đốc-tờ
đờ-măng
Đỏ-Bông
đỏ-lục
foocmica
đông-nam	39
download
ephedrin
ethylene
dynamite
ha-fi-ni
ga-lơ-ri
ga-tuýt
gác-dan
gabardin
gacđiêng
ích-xì
gắtgắt
Hà-đông
Hà-lăng
gà-mèn
găng-xte
găng-xtơ
gangster
hattrick
ge-ma-ni
he-rô-in
hê-rô-in	53
hematite
hi-đrát
gia-két
giămbông
hiđroxit
ghi-đông	21
gigabyte
Giơ-lâng
Giơ-lơng
giơ-tông
glaucoma
glixerin
glu-xít
glycerin
gô-ri-la
go-tích
gô-tích
Gòn-Gia
hooligan
internet	142
intranet	39
gra-nít
graphite
isoenzym
hu-blông
gu-đrông
gu-giông
hydrogen
hydroxid
hyperbol
la-coóc
ka-ra-tê
la-phông	13
la-va-bô
la-xiết
jăm-bông
lạc-xon
kangaroo
lê-dương
lenition
ki-mô-nô
kí-ninh
Kiêu-kị
kilobyte
kilogram
kilôlít
kilômét
kilowatt
kinacrin
kinh-tế
liveshow
lô-gích
lục-đỏ
Kumsusan
ký-ninh
ô-tô-ray
na-bi-ca
Ma-coong
ma-lách
ma-phi-a	21
Ma-thi-ơ
macgarin
oát-kế
Mátthêu
magnetit
Nam-Lào
Nam-Liên
man-nớp
Nam-sang
mạch-lô
mandolin
măng-gan	1
măng-too
măng-tôn
manhetit
măngsông
manơcanh
nanômét
ốp-lét
ốp-lết
ốp-sét
ốp-xét
marathon
mê-đi-an
méc-xì
mét-tra
mét-xì
Mèo-Dao
mền-đay
megabyte
mi-cơ-rô
mi-crông
mi-mô-da
ni-trát
nicotine
mililít
milimét
ngultrum
nitrogen
nô-bê-li
Mô-đô-va
mo-no-me	1
mô-nô-me
oóc-gan
oóc-giơ
Mỏ-địa
mỏ-lết
môi-răng
môi-vòm
moóc-xơ
Mông-Dao
mông-taj
morphine
notebook
mu-dích
mù-tạt
mùi-soa
mùi-xoa
ôtôbuýt
ra-đi-an
ra-đi-om
ra-đi-um
ra-glăng
pa-lơ-tô
Pa-noong
pa-ti-nê
sác-giơ
sacaroza
sà-lúp
sâm-banh	21
săm-banh
Sâm-panh
san-pết
săng-đay
săng-tan
santonin
Scrabble
paraffin
Paranưng
pê-đa-lô
pe-sê-ta
seaborgi
rề-gát
pẹc-xin
serenata
peritxoa
si-lích
si-mi-li
pi-nhông	1
pha-đinh
pích-kê
sích-ma
rích-te
sì-cút
Phi-e-rơ
phi-năng
shilling
silicium
silicone
pho-mát
pho-xép
Phờ-lin
phosphat
phosphor
photphat
showroom
phu-lít
plát-ma
plăng-sê
rô-bi-nê
sô-cô-la	84
pô-li-me
rơ-moóc
sơ-va-lê
Sô-Viết
sốp-phơ
rờ-sạc
rờ-séc
rờ-sét
roentgen
solenoid
rơn-ghen	1
pom-mát
soóc-ti
rông-đen
popeline
positron
prô-tít
prô-tông
stác-te
stê-rê-ô
qui-lát
sulfamid
sulfuric
sun-fát
sun-phua
puốcboa
sunfamit
sunfuric
ruy-băng
quy-lát
syndicat
vác-xin
vắc-xin
táp-blô
tăm-bông	1
tăm-pông
tanh-ban
tăng-phô	13
tăng-xin
tạp-dề
varactor
vaseline
tê-lếch
téc-gan
telephon
teletype
ten-nít
vi-nhét
tích-kê
tít-xuy
tiênsinh
vinilông
titanium
tô-buýt
Tơ-riêng
toa-lét
tờ-rắc
tờ-rớt
toóc-si
trachoma
trackpad
trê-phin
trị-xã
trôm-bôn
trungtụ
tua-vít
tùng-bê
tuôcnăng
tuy-líp
tuýt-xo
uýt-xki
Xa-điêng
xa-mô-va
xác-đin
xà-beng
xà-bông
xà-cột
xà-ích
xà-lỏn
xăng-đá
xăng-đan	26
xăng-tan
xanhđica
xe-lu-lô
xe-mi-na
xê-mi-na	21
xê-mi-ne	1
xétlại
yểucủa
xen-đầm
xi-li-ca
xi-mi-lê
xi-moong
xi-phông	13
xích-lô
xì-cút
Xinh-mun	1
ximôkinh
xô-viết
xốp-phơ
xolenoit
xmô-kinh
xú-báp
xú-páp
xuchiêng
xuân-hè
xtê-rê-ô
xtơ-rết
xuốngai
a-ba-giua
A-la-hán
a-la-mốt
a-la-văng
a-nan-gin
a-nô-phen	1
a-pa-tít
a-sco-bic
a-spi-rin
a-văng-ta
a-văng-xê
a-tro-pin
a-trô-pin
a-xpi-rin
ba-ke-lit
ca-mi-ông
ca-ra-men
ba-ri-ông
ca-phê-in	1
ca-rô-ten	21
ác-coóc
ắc-coóc
ác-ti-sô
các-táp
các-tông
Bái-công
accordeon
bát-két
bát-kết
cát-két
cát-tút
cát-xét
acetylene
can-đê-la
can-đơ-la
cam-nhông	1
băng-túp
Campapura
Campuchia
Cămpuchia
áp-ga-ni
cascadeur
carbonate
catalogue
Catalunya
adrenalin
Afrikaans
Bích-câu
bích-qui
bích-quy
chanxeđon
bíp-tết
bít-cốt
bít-mút
bít-tết
bít-tông
chocolate
clê-a-rin
Cleopatra
clohiđric
an-bu-min
an-pha-bê
an-ti-mon
bốc-xít
cốt-lét
bốt-sét
cốt-tông
Anh-điêng
aminoacid
boliviano
cologarit
com-pu-tơ
công-bát
công-bạt
công-tắc
công-xinh
côngxectô
bônsêvíc
bonsevich
bônsêvich
anopheles
container
cotangent
anthracit
antipirin
antipyrin
apartheid
cru-da-đô
cút-lít
bù-loong
cùi-dìa
buýp-phê
e-bo-nít
ê-bô-nít
ê-mơ-rốt
ê-ti-két
dángdại
ét-coóc
đê-xi-ben	13
đề-ma-rơ
đề-xi-la
đi-ô-xít
đia-phram
en-tro-pi
đốt-xi-ê
Đồn-Cửa
foóc-môn
đông-bắc
đông-xuân	26
ephedrine
esperanto
fruit-fly
duralumin
Etperantô
ga-ba-đin	1
ha-lô-gen
ha-lô-jen
ga-zô-lin
gác-dang
Halloween
harmonica
ge-la-tin
hê-ma-tit
germanium
heuristic
hi-pe-bon
hi-pe-bôn
giăm-bông	13
Giê-hô-va	1
Giécmanh
Giu-liêng
glu-cô-da
glu-cô-za
glycerine
gơ-lu-xit
in-su-lin
in-xu-lin
gốc-lãi
hóa-khử
Gòn-Chợ
Hollywood
hoóc-mon
hoóc-môn
Hợp-phố
gra-ni-tô
gra-phít
gra-tuýt
Greenland
hy-đờ-rô
hydroxide
lác-tíc
lạc-dang
lập-lắc
lập-lòn
lép-tốp
két-xông
ki-lô-gam	53
ki-lô-vôn
li-mô-din
lít-xăng
lilangeni
Khù-sung
lo-ga-rit
lốc-nốt
logarithm
lông-tông
ô-tô-mát
o-xi-hoá
ma-ga-din
ma-ni-ven
ma-nhe-tô
ma-nhê-tô
Mac-Lênin
Mác-tanh
mác-tét
mác-xít
macketinh
mát-tít
mactensit
magnesium
magnetite
man-tô-da
man-to-za
man-tô-za
măng-cụt
măng-sét
măng-sông	13
măng-xông
manganese
măngđôlin
marketing
may-on-ne
mê-tờ-rô
mét-tinh
Men-thớt
memristor
ni-cô-tin
mi-li-gam
ni-tơ-rat
ni-trích
microfich
microfilm
mít-tinh
miền-đay
nơ-tơ-rôn
Môn-Khơme
moóc-chê
môngtagiơ
sa-ca-rin
sa-bô-chê
ra-đi-ăng
pa-ra-bon
pa-ra-bôn	1
pa-ra-fin
pác-panh
pác-séc
saccharin
saccharos
pát-xten
sài-gòn
schilling
păng-túp
Patenôtre
pê-nan-ti
pê-ri-xoa
péc-lông
pi-gia-ma
si-li-côn	1
píc-níc
Phần-lan
phạm-nhe
pít-tông
phi-di-đe
phó-mát
phốt-pho
phờ-răng
ping-pong
ping-pông
pinh-pông
phong-tên
photocopi
pô-pe-lin
pô-pơ-lin
sơ-vi-ốt
pô-xi-ông
rốc-két
rốc-kết
snách-ba
rờ-moọc
rông-đanh
rông-đền
prô-tê-in
quinacrin
sulfamide
stơ-re-sơ
sun-phát
strichnin
strychnin
puy-lơ-ve
symposium
pyrimiđin
va-dơ-lin
Tác-dăng
vắc-xanh
taekwondo
tăng-phú
tăng-sông
tăng-xông
tê-lê-gam
téc-mốt
vét-tông
vi-ô-lét
vi-ô-lông	44
vi-ta-min	30
Thê-va-đa
Việt-nam
Thêravađa
Thích-ca
tôm-bô-la
tộc-ngôn
Tomentose
Trại-Chư
trom-pét
trôm-pét
tu-lơ-khơ
tuốc-bin
xa-ca-rin
xa-bô-chê
xắc-cốt
xà-lách
Xcốt-len
watt-giờ
xéc-măng
xen-lu-lô	26
xenlulozơ
xentimét
xi-tô-sin
xi-tô-xin
Wikipedia
ximôckinh
ximpozium
xu-chiêng
xtăng-xin
xun-phát
xy-tô-sin
a-giăng-đa
a-me-ri-xi
a-xê-tích
Ca-chiu-sa
ba-đờ-xuy
ba-ke-lít
ca-ra-vát
bà-la-môn
căng-gu-ru
canh-ki-na	1
Campadegar
áp-phích
át-pi-rin
bi-ăng-tin
bích-cốt
Chân-Chiêu
Chí-phèo
chuyểntin
BlackBerry
alđôhexoza
an-đe-hít
an-đê-hít
an-go-rít
an-gô-rít
cơ-lanh-ke
co-lo-phan
cô-lô-phan
bơ-lu-dông
an-ma-nác
an-tra-xit
cốt-nhắc
cốt-nhát
cốt-phát
ăng-ti-gôn
com-bờ-lê
côn-gen-nơ
com-pa-nhi
công-te-nơ	13
commăng-ca
consortium
contrabass
bu-mơ-rang
atmosphere
ê-lêc-trôn
e-phe-đrin
ê-phê-đrin
fahrenheit
ép-xi-lon
đề-xi-ben
đi-na-mít
dích-dắc
diêm-vương
foóc-xép
fomanđehit
Đông-dương
fuốc-sét
ha-đơ-rông
ha-lô-gien
ga-răng-ti	1
gác-đa-vu
gác-điêng
Hán-Việt
háp-trắc
Gầm-Xoài
hải-vương
he-ma-tít
hê-ma-tít
hemoglobin
Giéc-manh
hipôclorit
gli-xe-rin
gli-xê-rin
in-tơ-nét
hoá-Thông
gơn-đờ-lu
hội-nghề
ka-ra-ô-kê
la-te-rít
la-tê-rít
Lào-Việt
kăng-ga-ru
kăng-gu-ru
Lăng-Xương
Lê-ba-nông
ki-lô-lít
ki-lô-oát
ki-lô-mét
ki-na-crin
li-mô-nát
Khánh-Hạ
lô-ca-xông
lô-ga-rít
Kpăng-công
ky-na-crin
ơ-ri-xtíc
ô-tô-buýt
ma-ke-tinh
ma-nơ-canh	47
ma-ra-tông	33
mắc-coọc
Mác-Lênin
mạchTương
ốp-ti-man
mê-ga-oát
mê-ga-mét
mê-măng-tô
mi-li-lít
mi-li-mét
ni-tơ-rát
Nhật-bản
microfiche
minh-hương
mô-bi-lét
Mô-ha-mét
nơ-tơ-rông
nơ-tờ-ron
Môn-Khơ-me
moóc-phin
Mông-Miền
Nước-Gối
pa-đờ-xuy
ra-lăng-ti
pa-ra-phin
pát-xơ-po
săm-pa-nhơ
săng-chi-ê
Rang-Tháp
pê-đa-lét
rê-ốt-xta
pi-át-xtơ
si-li-cát
Pha-ra-đây
píc-ních
phắc-tuya
phát-xít
phê-nô-men
Rịa-Vũng
rinh-ghít
phoóc-môn
plas-tích
pô-dơ-mét
sơ-mi-dét
po-si-tron
pô-rơ-tít
sóc-cảnh
posteriori
prô-tô-côn
quinacrine
sun-fu-ric
puốc-xăng
u-ra-ni-um	1
Va-ti-căng
tắc-tích
tác-tuýp
Tày-Nùng
Tày-Thái
tăng-xương
Tathâgatha
tê-lê-phon
tê-lê-phôn
tê-lê-típ
tê-ta-nốt
vi-ni-lông
tích-tắc
Việt-Lào
Thiên-Huế
viôlôngxen
tô-pô-học
tờ-ra-côm
tran-di-to
tran-zi-to
trăng-dít
trô-pi-can
tua-ma-lin
tút-xuỵt
tuốc-năng
tuyếc-bin
Y-sơ-ra-ên
xà-phòng
xan-tô-nin
xanh-đi-ca
xăngtimét
xe-re-nát
xê-rê-nát
xen-luy-lô
xen-xi-út
xi-mô-kinh
xích-đông
zích-zắc
xibecnetic
Wiktionary
xu-ba-dăng
xú-vơ-nia
xúc-xích
xuya-rơ-tê
a-mô-ni-ác
a-mô-ni-ắc
a-pác-thai
a-xê-ti-len
ca-la-thầu
ca-li-fo-ni
ca-mi-nhông
ắc-xi-đăng
Bát-tràng
Campanagara
bay-on-nét
cen-ti-mét
ben-tô-nít
bi-dăng-tin
bích-toong
bình-toong
chi-hua-hua
chương-đài
cla-ri-nét
cla-vơ-xanh
cô-lô-nhần
an-tra-xít
bờ-lu-dông
cờ-ra-vát
bờ-rát-xa
ăng-go-rít
anh-te-phôn
ăng-ti-moan
com-măng-ca	13
com-măng-đô
com-pô-dít
công-ten-nơ	61
conxoocxiom
e-léc-tron
ê-léc-tron
ê-rô-mi-xin
đề-ca-mét
đề-mốt-đê
đề-xi-mét
fibroximăng
electronvôn
en-tơ-ro-pi
Đông-phương
Fôngtenơblô
Động-Chúc
formaldehyd
ga-bác-đin
gác-đê-nan
gác-đờ-co
gác-đờ-bu
gác-xon-nê
héc-tô-gam
hi-đrô-xít
Giẻ-triêng
hiđrocacbon
hiđrôcacbon
hiđroclorua
glu-cô-gien
in-mê-nhít
hydrocarbon
ka-ra-tê-đô	1
lập-loòng
lê-nin-nít
loong-toong
ô-lim-pích
ơ-ri-xtích
Ô-xtrây-lia
ma-cà-bông
ma-cà-cúi
ma-nhe-tít
ma-nhê-tít
náp-ta-len
mạc-cờ-rô
măng-đô-lin	13
mạt-chược
mi-crô-phim
mi-li-ăm-pe
Miến-Tạng
nô-vô-ca-in
moóc-chi-ê
mông-ta-giơ
Mộng-Trạm
mộngtriệu
mút-xơ-lin
sa-ca-rô-da
pê-rít-xoa
pencaksilat
pích-ních
phăng-te-di
phăng-tê-di
phi-la-tốp
phi-lô-dốp
phốt-phát
phoóc-xép
phoóc-xếp
phông-đa-tơ
plát-tích
rô-bô-tích
rơ-mông-toa
súc-cù-la
sun-fa-mít
strích-nin
rutherfordi
Tạng-Miến
tetracyclin
tia-bu-sông
via-rơ-măng
Việt-Pháp
von-phơ-ram
xa-ca-rô-da
xa-ca-rô-za
xa-ca-rô-zơ
xác-ca-rin
xăng-tô-nin
xen-ti-mét
xi-căng-đan
xít-đờ-ca
xtrích-nin
xy-clô-trôn
a-đrê-na-lin
a-pê-ri-típ
á-căn-đình
ác-mô-ni-ca
các-bo-nát
các-bon-nic
các-vi-dít
ăccoócđêông
Băng-la-đét
át-mốt-phe
clo-hi-đríc
an-ca-lo-ít
an-ca-lô-ít
ăm-bờ-ra-da
am-mô-ni-ắc
an-ti-pi-rin
bon-sê-vích
bôn-sê-vích
coóc-ti-don
coóc-ti-dôn
công-fét-ti
công-xéc-tô
côngxoocxiom
e-lêc-tơ-ron
e-spe-ran-to
e-spe-ran-tô
ê-spê-ran-tô
féc-mơ-tuya
distribution
gác-đờ-sen
gác-măng-dê
héc-tô-lít
héc-tô-mét
In-đô-nê-xia	21
hydrochlorur
Ka-dắc-xtan
lập-gioòng
lê-vi-a-than
kilooat-giờ
ma-cà-rồng
ma-két-tinh
ma-kết-tinh
mác-ke-tinh
mạc-ga-rít
mề-đay-dông
niu-cát-xơn
mút-cơ-tông
Pa-lét-xtin
sắc-xô-phôn
pê-ni-xi-lin
pi-ni-xi-lin
pi-pe-ra-zin
phắc-xi-min
Phan-xi-păng
Phi-líp-pin
phô-tô-co-pi
phô-tô-cô-pi
phông-xon-ne
rờ-tờ-rét
prô-dếch-tơ
sú-ba-giăng
súc-cù-là
sun-pha-mít
streptomixin
streptomycin
Tất-đạt-đa
Taschenlampe
tê-ta-xi-lin
tetracycline
tờ-ren-cốt
xăng-ti-mét
xì-căng-đan
xim-pô-di-um
xo-le-no-ít
xô-lê-nô-ít
xun-pha-mít
a-tua-đờ-rôn
các-bo-ních
các-bon-nát
clo-hi-đrích
co-le-xte-ron
am-phê-ta-min
an-tơ-ra-xít
bờ-lăng-tông
ăng-tơ-ra-xit
công-phét-ti
công-phi-tuya
công-quy-răng
cong-tờ-gút
công-tra-bát
Cư-rơ-gư-xtan
Ét-pê-ran-tô
hê-mô-giô-bin
he-mô-glô-bin
hê-mô-glô-bin
Giê-ru-sa-lem
Gioóc-đan-ni
líp-phăng-xe
kilowatt-giờ
khuẩn-huyết
ô-rê-ô-mi-xin
ô-tô-ma-tích
mi-crô-phích
mi-crô-xi-ông
nu-clê-ô-tít
Pa-kít-xtăng
pi-ra-mi-đông
phéc-mơ-tuya
phẹc-mơ-tuya
sun-fua-rích
sun-phu-rích
ruy-bờ-rích
vi-ô-lông-xen
thanh-truyền
Ung-Khâm-Liêm
trô-lây-buýt
tuốc-nơ-vít
xà-lách-xon
các-bon-ních
Áp-ga-ni-xtan
com-bi-ne-dông
ê-lếch-tơ-rôn
ê-săng-chi-ông
ét-xpê-răn-tô
fi-brô-xi-măng
fo-man-đe-hít
fo-man-đê-hít
hi-đrô-clo-rua
hy-đrô-cac-bon
ma-nhê-tô-phôn
mác-két-tinh
mác-kết-tinh
nhượngchuyển
pe-man-ga-nát
phô-tô-cóp-pi
phốt-pho-rít
pô-li-ê-ti-len
pờ-rô-gờ-ram
tờ-răng-xi-to
xéc-ti-phi-ca
xẹc-ti-phi-ca
anh-te-ruýp-tơ
con-léc-xi-ông
com-mít-xi-ông
công-tơ-rơ-bát
Đại-dương-châu
đi-vơ-ti-men-tô
hi-đrô-các-bon
mét-xì-a-văng
pô-li-vi-ta-min
rờ-com-măng-đê
strep-tô-mi-xin
tê-tơ-ra-xi-lin
xà-lách-xoong
ác-coóc-đê-ông
ắc-coóc-đê-ông
Ăng-lô-Xắc-xông
công-xoóc-xi-om
Cư-rơ-gư-dơ-xtan
mi-crô-com-pu-tơ
pen-cát-xi-lát
Ta-gi-kít-xtăng
Tuốc-mê-ni-xtan
xi-béc-nê-tích
xtrép-tô-mi-xin
ê-ri-tơ-rô-mi-xin
đê-ô-xi-xi-ti-đin
mô-nô-phốt-phát
péc-măng-ga-nát
hy-đờ-rô-các-bon
clo-a-xê-tô-phê-non
đê-ô-xi-a-đê-nô-xin
